Time,Volume,BidAsk,Open,High,Low,Close
2022-12-29 00:00:00,74,-8,10804.0,10804.75,10802.25,10802.75
2022-12-29 00:02:00,37,19,10802.0,10804.0,10802.0,10803.25
2022-12-29 00:04:00,28,6,10803.0,10804.0,10803.0,10803.75
2022-12-29 00:06:00,76,25,10803.5,10806.25,10803.25,10805.75
2022-12-29 00:08:00,72,-12,10805.25,10805.5,10803.0,10803.5
2022-12-29 00:10:00,46,10,10803.25,10804.75,10802.75,10803.25
2022-12-29 00:12:00,44,-20,10803.25,10803.25,10801.25,10801.75
2022-12-29 00:14:00,60,-14,10801.5,10802.0,10800.25,10800.75
2022-12-29 00:16:00,136,-23,10800.5,10800.75,10798.0,10798.75
2022-12-29 00:18:00,83,2,10798.5,10799.25,10797.0,10798.5
2022-12-29 00:20:00,73,21,10798.25,10801.0,10797.5,10800.0
2022-12-29 00:22:00,74,-5,10799.25,10799.25,10795.75,10796.75
2022-12-29 00:24:00,62,1,10797.0,10797.0,10795.25,10795.5
2022-12-29 00:26:00,44,-18,10796.25,10797.5,10795.75,10795.75
2022-12-29 00:28:00,146,-26,10796.25,10796.25,10793.0,10794.5
2022-12-29 00:30:00,52,18,10795.0,10798.0,10795.0,10797.5
2022-12-29 00:32:00,39,15,10797.0,10798.5,10796.25,10798.25
2022-12-29 00:34:00,40,4,10797.75,10800.0,10796.75,10797.5
2022-12-29 00:36:00,12,-6,10797.5,10797.5,10796.75,10797.5
2022-12-29 00:38:00,31,10,10797.5,10798.75,10797.0,10797.5
2022-12-29 00:40:00,42,-12,10797.5,10798.75,10796.25,10796.25
2022-12-29 00:42:00,18,-3,10796.25,10797.0,10796.0,10796.25
2022-12-29 00:44:00,14,-4,10796.75,10797.0,10796.25,10796.5
2022-12-29 00:46:00,46,7,10796.75,10799.75,10796.75,10799.0
2022-12-29 00:48:00,34,0,10798.75,10798.75,10797.5,10798.0
2022-12-29 00:50:00,55,5,10798.0,10800.0,10798.0,10799.25
2022-12-29 00:52:00,65,12,10799.0,10802.25,10799.0,10801.25
2022-12-29 00:54:00,31,13,10800.75,10802.25,10800.75,10801.75
2022-12-29 00:56:00,73,-18,10801.25,10801.5,10798.0,10799.0
2022-12-29 00:58:00,71,15,10799.25,10800.5,10798.25,10800.25
2022-12-29 01:00:00,107,-38,10801.0,10802.75,10799.0,10799.0
2022-12-29 01:02:00,48,6,10799.0,10800.75,10798.25,10800.0
2022-12-29 01:04:00,43,5,10799.25,10800.75,10798.5,10800.75
2022-12-29 01:06:00,132,16,10801.0,10804.0,10800.25,10801.0
2022-12-29 01:08:00,72,-9,10801.0,10802.25,10799.0,10801.75
2022-12-29 01:10:00,110,52,10801.0,10803.75,10800.0,10803.75
2022-12-29 01:12:00,141,-106,10803.75,10804.0,10800.0,10801.5
2022-12-29 01:14:00,188,45,10801.75,10805.25,10801.75,10803.25
2022-12-29 01:16:00,193,126,10803.0,10809.75,10802.5,10808.25
2022-12-29 01:18:00,219,108,10808.75,10811.25,10807.0,10809.5
2022-12-29 01:20:00,103,-49,10809.0,10809.0,10805.0,10805.25
2022-12-29 01:22:00,69,-12,10805.5,10806.0,10803.5,10804.25
2022-12-29 01:24:00,229,70,10804.0,10807.75,10802.75,10805.75
2022-12-29 01:26:00,75,-25,10805.75,10806.0,10803.25,10803.75
2022-12-29 01:28:00,35,-20,10804.0,10804.75,10803.25,10803.75
2022-12-29 01:30:00,65,20,10803.5,10805.0,10803.25,10804.25
2022-12-29 01:32:00,74,-8,10804.0,10806.25,10803.75,10804.25
2022-12-29 01:34:00,65,-7,10805.0,10806.0,10803.5,10806.0
2022-12-29 01:36:00,77,-20,10805.5,10805.75,10803.5,10804.0
2022-12-29 01:38:00,55,9,10804.0,10806.25,10804.0,10804.5
2022-12-29 01:40:00,49,-31,10804.25,10804.5,10802.5,10802.5
2022-12-29 01:42:00,75,-29,10802.25,10803.0,10800.25,10800.5
2022-12-29 01:44:00,142,-28,10801.0,10801.25,10798.75,10800.0
2022-12-29 01:46:00,123,34,10800.0,10804.0,10800.0,10803.25
2022-12-29 01:48:00,63,9,10802.75,10806.0,10802.75,10804.75
2022-12-29 01:50:00,75,9,10804.5,10808.0,10804.5,10807.5
2022-12-29 01:52:00,98,17,10807.5,10808.0,10806.0,10807.5
2022-12-29 01:54:00,80,21,10807.75,10808.5,10807.0,10808.5
2022-12-29 01:56:00,337,123,10808.5,10814.5,10807.75,10814.25
2022-12-29 01:58:00,125,-9,10814.0,10814.75,10812.75,10814.25
2022-12-29 02:00:00,164,-37,10814.25,10816.75,10811.0,10811.5
2022-12-29 02:02:00,125,9,10811.75,10814.75,10810.75,10811.0
2022-12-29 02:04:00,134,13,10810.75,10810.75,10807.75,10809.0
2022-12-29 02:06:00,122,9,10809.25,10814.25,10809.25,10811.75
2022-12-29 02:08:00,28,12,10812.25,10812.75,10811.0,10812.25
2022-12-29 02:10:00,50,2,10812.25,10812.75,10811.0,10812.25
2022-12-29 02:12:00,57,-4,10812.0,10812.75,10810.0,10810.0
2022-12-29 02:14:00,49,0,10809.75,10811.75,10808.0,10811.5
2022-12-29 02:16:00,60,-8,10811.25,10811.5,10808.5,10809.25
2022-12-29 02:18:00,60,-6,10809.5,10810.75,10807.25,10808.0
2022-12-29 02:20:00,78,-13,10808.0,10810.75,10808.0,10809.5
2022-12-29 02:22:00,64,10,10809.75,10812.5,10809.75,10810.5
2022-12-29 02:24:00,78,-4,10810.5,10811.5,10808.25,10809.0
2022-12-29 02:26:00,85,23,10809.0,10811.0,10809.0,10810.25
2022-12-29 02:28:00,129,-26,10810.75,10810.75,10805.75,10806.0
2022-12-29 02:30:00,144,-10,10806.25,10806.75,10803.75,10804.5
2022-12-29 02:32:00,83,10,10804.5,10807.0,10804.5,10806.25
2022-12-29 02:34:00,91,28,10805.75,10808.75,10805.0,10808.25
2022-12-29 02:36:00,83,0,10807.75,10811.0,10807.75,10810.0
2022-12-29 02:38:00,68,12,10809.5,10811.0,10807.5,10807.5
2022-12-29 02:40:00,54,19,10808.0,10809.5,10805.75,10808.0
2022-12-29 02:42:00,68,49,10807.5,10810.5,10807.5,10810.5
2022-12-29 02:44:00,104,-26,10810.5,10812.5,10808.5,10812.0
2022-12-29 02:46:00,209,71,10812.0,10816.0,10810.5,10813.5
2022-12-29 02:48:00,62,-8,10814.0,10814.75,10812.0,10813.75
2022-12-29 02:50:00,76,-27,10813.0,10813.0,10809.75,10810.0
2022-12-29 02:52:00,51,-6,10809.75,10812.75,10809.75,10811.75
2022-12-29 02:54:00,144,48,10812.5,10816.5,10812.0,10813.75
2022-12-29 02:56:00,105,-7,10814.25,10814.75,10812.0,10813.25
2022-12-29 02:58:00,174,66,10812.75,10818.5,10811.0,10814.75
2022-12-29 03:00:00,371,-25,10815.0,10818.25,10810.0,10811.0
2022-12-29 03:02:00,192,-5,10811.0,10814.25,10808.5,10813.25
2022-12-29 03:04:00,409,105,10813.75,10823.0,10810.5,10821.25
2022-12-29 03:06:00,195,17,10822.0,10823.0,10818.5,10822.5
2022-12-29 03:08:00,194,-25,10821.75,10823.25,10816.5,10817.0
2022-12-29 03:10:00,181,-35,10816.25,10819.25,10813.0,10816.0
2022-12-29 03:12:00,121,-5,10815.75,10819.5,10814.75,10818.25
2022-12-29 03:14:00,400,-152,10818.5,10818.5,10809.0,10812.25
2022-12-29 03:16:00,133,-19,10812.25,10813.75,10810.75,10811.0
2022-12-29 03:18:00,182,-30,10810.5,10811.5,10808.25,10811.0
2022-12-29 03:20:00,150,62,10811.0,10815.25,10810.5,10812.25
2022-12-29 03:22:00,168,-37,10812.0,10812.75,10808.75,10810.5
2022-12-29 03:24:00,177,-4,10811.0,10813.0,10808.5,10813.0
2022-12-29 03:26:00,308,48,10812.75,10819.75,10810.5,10819.25
2022-12-29 03:28:00,155,-13,10818.75,10821.25,10816.5,10819.25
2022-12-29 03:30:00,234,-82,10819.0,10820.0,10815.0,10815.5
2022-12-29 03:32:00,328,-114,10815.75,10815.75,10807.5,10813.0
2022-12-29 03:34:00,145,1,10812.75,10815.25,10811.5,10811.5
2022-12-29 03:36:00,121,23,10812.75,10816.0,10812.5,10812.75
2022-12-29 03:38:00,122,-21,10812.5,10816.25,10809.75,10814.75
2022-12-29 03:40:00,183,-4,10814.25,10818.25,10813.5,10814.25
2022-12-29 03:42:00,137,-29,10814.75,10816.0,10811.5,10815.0
2022-12-29 03:44:00,139,13,10815.75,10818.75,10814.5,10817.25
2022-12-29 03:46:00,110,-9,10816.5,10819.0,10815.25,10817.25
2022-12-29 03:48:00,108,-4,10817.75,10819.75,10815.75,10817.5
2022-12-29 03:50:00,340,14,10818.0,10824.5,10818.0,10822.25
2022-12-29 03:52:00,378,-24,10822.0,10825.25,10818.5,10822.5
2022-12-29 03:54:00,204,10,10822.75,10826.25,10822.5,10825.75
2022-12-29 03:56:00,247,-15,10825.75,10828.5,10821.5,10823.75
2022-12-29 03:58:00,259,7,10823.0,10829.25,10822.5,10822.5
2022-12-29 04:00:00,236,-23,10822.25,10826.5,10821.25,10826.5
2022-12-29 04:02:00,582,51,10825.75,10834.0,10825.75,10832.5
2022-12-29 04:04:00,502,11,10832.0,10837.0,10830.0,10833.0
2022-12-29 04:06:00,183,-20,10832.75,10836.25,10831.0,10834.5
2022-12-29 04:08:00,246,-5,10834.25,10836.5,10831.75,10834.0
2022-12-29 04:10:00,247,0,10833.25,10837.0,10833.0,10836.75
2022-12-29 04:12:00,187,-49,10837.0,10837.0,10833.0,10833.25
2022-12-29 04:14:00,410,95,10833.5,10841.5,10832.0,10837.5
2022-12-29 04:16:00,218,12,10837.25,10840.0,10835.5,10838.5
2022-12-29 04:18:00,299,-3,10838.75,10842.5,10836.75,10837.25
2022-12-29 04:20:00,287,-9,10837.25,10841.5,10837.0,10838.25
2022-12-29 04:22:00,248,40,10838.25,10844.0,10838.25,10842.5
2022-12-29 04:24:00,312,3,10842.5,10845.0,10841.0,10843.5
2022-12-29 04:26:00,269,-63,10844.0,10844.75,10837.0,10837.75
2022-12-29 04:28:00,211,-64,10837.0,10838.0,10834.5,10835.5
2022-12-29 04:30:00,198,-60,10835.25,10836.0,10831.25,10833.0
2022-12-29 04:32:00,134,-60,10832.5,10833.5,10830.75,10833.5
2022-12-29 04:34:00,244,17,10833.25,10838.5,10833.25,10837.75
2022-12-29 04:36:00,144,7,10836.5,10840.0,10835.75,10838.0
2022-12-29 04:38:00,244,14,10838.75,10839.5,10835.75,10837.25
2022-12-29 04:40:00,168,7,10837.25,10840.0,10835.25,10835.5
2022-12-29 04:42:00,71,32,10835.75,10839.0,10835.75,10837.5
2022-12-29 04:44:00,131,-47,10837.0,10839.25,10834.75,10838.75
2022-12-29 04:46:00,101,-5,10839.0,10839.75,10837.0,10837.75
2022-12-29 04:48:00,119,3,10837.75,10840.0,10837.5,10837.75
2022-12-29 04:50:00,108,-13,10838.0,10840.0,10837.0,10838.75
2022-12-29 04:52:00,261,101,10838.75,10843.0,10837.25,10840.75
2022-12-29 04:54:00,283,-4,10840.5,10846.5,10840.5,10841.75
2022-12-29 04:56:00,135,-41,10841.5,10842.0,10839.0,10839.75
2022-12-29 04:58:00,128,-57,10839.5,10841.75,10838.5,10838.75
2022-12-29 05:00:00,112,-13,10838.5,10841.5,10838.0,10838.5
2022-12-29 05:02:00,143,-31,10838.75,10839.25,10833.25,10833.75
2022-12-29 05:04:00,105,30,10833.5,10837.0,10833.5,10835.0
2022-12-29 05:06:00,85,-18,10834.75,10835.25,10833.5,10834.5
2022-12-29 05:08:00,101,22,10834.5,10837.75,10834.25,10837.25
2022-12-29 05:10:00,106,-24,10836.75,10837.0,10833.75,10834.75
2022-12-29 05:12:00,158,-10,10834.5,10836.0,10833.75,10834.5
2022-12-29 05:14:00,157,-1,10834.5,10837.75,10833.75,10835.0
2022-12-29 05:16:00,161,23,10835.25,10837.25,10834.75,10836.0
2022-12-29 05:18:00,198,-39,10836.25,10837.75,10832.25,10832.25
2022-12-29 05:20:00,209,-7,10832.5,10834.75,10831.5,10833.5
2022-12-29 05:22:00,270,5,10833.25,10839.0,10833.25,10838.0
2022-12-29 05:24:00,150,-22,10837.75,10838.5,10834.5,10836.75
2022-12-29 05:26:00,75,-5,10837.25,10838.0,10836.25,10837.75
2022-12-29 05:28:00,184,44,10838.0,10839.5,10836.0,10839.25
2022-12-29 05:30:00,343,-48,10839.25,10840.75,10832.5,10835.25
2022-12-29 05:32:00,141,20,10836.5,10841.75,10836.25,10841.0
2022-12-29 05:34:00,89,-5,10841.25,10842.25,10838.5,10841.0
2022-12-29 05:36:00,111,-17,10841.0,10842.25,10837.75,10838.5
2022-12-29 05:38:00,66,-37,10838.75,10839.75,10836.5,10838.25
2022-12-29 05:40:00,40,17,10838.25,10840.0,10837.25,10837.75
2022-12-29 05:42:00,188,-27,10838.25,10841.0,10836.5,10838.75
2022-12-29 05:44:00,222,-25,10839.5,10843.5,10837.0,10837.25
2022-12-29 05:46:00,98,2,10837.0,10842.0,10836.75,10840.5
2022-12-29 05:48:00,257,14,10841.25,10847.25,10841.25,10843.25
2022-12-29 05:50:00,101,-21,10842.5,10842.5,10839.5,10840.25
2022-12-29 05:52:00,157,37,10841.0,10842.5,10840.25,10842.5
2022-12-29 05:54:00,183,-33,10843.0,10843.5,10838.25,10839.5
2022-12-29 05:56:00,346,88,10839.5,10849.75,10839.0,10847.75
2022-12-29 05:58:00,183,32,10847.5,10848.25,10845.25,10848.0
2022-12-29 06:00:00,458,99,10848.0,10851.75,10847.0,10850.75
2022-12-29 06:02:00,241,38,10850.5,10853.0,10848.5,10849.5
2022-12-29 06:04:00,690,233,10849.25,10859.0,10849.25,10858.5
2022-12-29 06:06:00,222,-72,10858.5,10858.5,10855.0,10857.25
2022-12-29 06:08:00,489,70,10857.75,10863.5,10857.0,10858.75
2022-12-29 06:10:00,220,-41,10859.25,10863.0,10858.75,10860.5
2022-12-29 06:12:00,287,-81,10860.5,10860.5,10855.0,10855.5
2022-12-29 06:14:00,251,-95,10855.5,10857.75,10854.5,10855.5
2022-12-29 06:16:00,211,-55,10855.75,10856.0,10851.75,10853.0
2022-12-29 06:18:00,214,26,10852.75,10855.25,10851.5,10853.0
2022-12-29 06:20:00,275,-33,10852.75,10854.75,10850.25,10850.75
2022-12-29 06:22:00,140,-15,10850.75,10852.5,10850.25,10852.0
2022-12-29 06:24:00,127,-13,10852.0,10854.25,10849.75,10850.25
2022-12-29 06:26:00,97,-30,10850.75,10852.0,10849.25,10850.5
2022-12-29 06:28:00,106,-40,10850.75,10852.0,10849.25,10850.25
2022-12-29 06:30:00,112,0,10850.75,10851.5,10848.75,10850.5
2022-12-29 06:32:00,192,-69,10850.0,10851.5,10847.0,10849.25
2022-12-29 06:34:00,195,20,10849.5,10852.75,10848.75,10850.25
2022-12-29 06:36:00,246,-70,10850.25,10851.25,10845.5,10846.0
2022-12-29 06:38:00,156,16,10846.0,10849.25,10845.75,10846.75
2022-12-29 06:40:00,340,-119,10846.25,10846.5,10839.0,10841.0
2022-12-29 06:42:00,311,-58,10841.25,10842.0,10836.5,10837.75
2022-12-29 06:44:00,341,-50,10838.0,10840.25,10835.75,10837.0
2022-12-29 06:46:00,262,-7,10837.5,10838.75,10836.0,10837.0
2022-12-29 06:48:00,196,13,10836.75,10842.5,10836.5,10840.5
2022-12-29 06:50:00,381,137,10840.0,10845.5,10838.75,10843.75
2022-12-29 06:52:00,355,30,10843.75,10850.5,10843.5,10850.5
2022-12-29 06:54:00,221,-32,10849.75,10850.0,10846.25,10846.25
2022-12-29 06:56:00,122,4,10846.25,10849.25,10846.25,10848.25
2022-12-29 06:58:00,183,-57,10848.0,10848.75,10844.0,10845.5
2022-12-29 07:00:00,243,-29,10845.75,10846.0,10842.25,10843.5
2022-12-29 07:02:00,267,-19,10843.5,10843.75,10840.0,10843.25
2022-12-29 07:04:00,179,46,10843.25,10847.75,10842.5,10846.5
2022-12-29 07:06:00,320,58,10846.75,10851.75,10845.25,10851.75
2022-12-29 07:08:00,209,-30,10852.0,10852.75,10847.25,10847.75
2022-12-29 07:10:00,162,6,10847.25,10849.0,10847.0,10848.75
2022-12-29 07:12:00,120,-13,10848.75,10849.25,10845.5,10848.5
2022-12-29 07:14:00,185,-43,10848.5,10850.75,10844.25,10845.75
2022-12-29 07:16:00,310,-122,10845.75,10846.75,10837.25,10838.5
2022-12-29 07:18:00,215,-32,10838.75,10841.5,10836.75,10837.5
2022-12-29 07:20:00,311,-156,10838.0,10839.25,10832.0,10833.0
2022-12-29 07:22:00,168,43,10833.25,10836.0,10833.25,10835.5
2022-12-29 07:24:00,201,4,10835.25,10838.5,10834.75,10836.5
2022-12-29 07:26:00,198,10,10837.0,10841.0,10837.0,10838.0
2022-12-29 07:28:00,135,34,10837.25,10841.25,10836.5,10841.0
2022-12-29 07:30:00,201,-48,10840.25,10840.25,10834.5,10837.5
2022-12-29 07:32:00,156,-20,10837.5,10837.5,10833.75,10835.25
2022-12-29 07:34:00,89,-1,10835.75,10837.75,10835.0,10835.5
2022-12-29 07:36:00,76,-23,10836.0,10838.0,10835.0,10835.25
2022-12-29 07:38:00,170,-27,10835.0,10835.75,10830.75,10833.75
2022-12-29 07:40:00,155,30,10833.75,10837.0,10833.75,10835.25
2022-12-29 07:42:00,123,2,10834.75,10835.5,10832.25,10835.25
2022-12-29 07:44:00,241,56,10835.25,10841.25,10835.25,10841.25
2022-12-29 07:46:00,126,-16,10841.25,10841.25,10835.75,10835.75
2022-12-29 07:48:00,113,-15,10836.25,10837.5,10834.0,10837.0
2022-12-29 07:50:00,123,-17,10837.0,10837.5,10833.5,10837.25
2022-12-29 07:52:00,72,10,10836.75,10838.5,10835.5,10837.5
2022-12-29 07:54:00,117,16,10837.25,10840.0,10837.0,10837.5
2022-12-29 07:56:00,92,-4,10836.75,10838.75,10835.0,10837.75
2022-12-29 07:58:00,98,-30,10838.25,10840.25,10837.0,10839.25
2022-12-29 08:00:00,271,27,10838.25,10843.5,10838.25,10839.75
2022-12-29 08:02:00,201,-10,10840.5,10840.75,10837.25,10840.0
2022-12-29 08:04:00,309,83,10840.25,10845.75,10840.0,10844.5
2022-12-29 08:06:00,571,132,10844.25,10850.75,10843.5,10850.25
2022-12-29 08:08:00,724,5,10850.0,10858.0,10849.25,10856.75
2022-12-29 08:10:00,443,-17,10856.75,10856.75,10852.75,10855.0
2022-12-29 08:12:00,330,-75,10854.75,10858.5,10853.75,10857.25
2022-12-29 08:14:00,292,-64,10857.0,10857.25,10851.75,10854.25
2022-12-29 08:16:00,148,-16,10854.25,10855.0,10849.75,10851.0
2022-12-29 08:18:00,183,-7,10850.75,10853.75,10847.75,10853.25
2022-12-29 08:20:00,332,-20,10852.0,10853.0,10845.5,10851.0
2022-12-29 08:22:00,171,-16,10851.0,10853.0,10848.0,10851.0
2022-12-29 08:24:00,131,7,10850.5,10853.0,10849.75,10850.75
2022-12-29 08:26:00,306,-89,10850.25,10850.75,10845.0,10849.5
2022-12-29 08:28:00,302,-93,10849.0,10849.0,10843.0,10843.25
2022-12-29 08:30:00,797,-50,10843.75,10854.75,10843.0,10848.0
2022-12-29 08:32:00,1438,117,10848.0,10869.75,10847.75,10864.5
2022-12-29 08:34:00,1002,118,10865.0,10876.0,10862.0,10872.5
2022-12-29 08:36:00,1651,196,10872.75,10890.5,10871.25,10883.5
2022-12-29 08:38:00,934,96,10883.5,10893.75,10882.75,10892.25
2022-12-29 08:40:00,588,-50,10892.0,10893.5,10883.5,10887.5
2022-12-29 08:42:00,701,83,10887.75,10895.5,10887.25,10892.5
2022-12-29 08:44:00,1136,-1,10892.5,10901.0,10889.5,10895.75
2022-12-29 08:46:00,601,-26,10895.75,10895.75,10891.0,10894.25
2022-12-29 08:48:00,1064,-480,10894.0,10894.5,10884.0,10888.25
2022-12-29 08:50:00,470,2,10887.75,10891.5,10885.25,10887.0
2022-12-29 08:52:00,845,-119,10887.0,10887.25,10879.0,10879.5
2022-12-29 08:54:00,652,107,10880.0,10886.0,10879.75,10886.0
2022-12-29 08:56:00,814,55,10886.25,10897.5,10885.0,10895.0
2022-12-29 08:58:00,1200,152,10895.5,10904.25,10890.0,10890.25
2022-12-29 09:00:00,691,-99,10890.25,10891.25,10886.5,10888.25
2022-12-29 09:02:00,504,18,10888.0,10894.75,10887.5,10894.25
2022-12-29 09:04:00,522,-74,10894.0,10895.0,10885.75,10886.75
2022-12-29 09:06:00,705,-142,10886.75,10888.0,10881.0,10886.75
2022-12-29 09:08:00,403,-47,10886.75,10887.5,10882.75,10885.0
2022-12-29 09:10:00,454,106,10884.75,10893.0,10884.25,10891.5
2022-12-29 09:12:00,562,57,10891.5,10893.5,10888.5,10888.5
2022-12-29 09:14:00,557,-120,10889.0,10890.75,10881.0,10883.75
2022-12-29 09:16:00,447,171,10884.0,10888.25,10883.5,10887.75
2022-12-29 09:18:00,771,212,10888.0,10900.0,10887.25,10898.25
2022-12-29 09:20:00,764,124,10897.75,10901.75,10893.0,10899.25
2022-12-29 09:22:00,546,-26,10899.5,10899.75,10892.25,10898.5
2022-12-29 09:24:00,958,-215,10898.75,10900.0,10888.5,10891.0
2022-12-29 09:26:00,673,24,10890.25,10891.5,10886.25,10888.0
2022-12-29 09:28:00,1393,-35,10888.25,10891.25,10884.25,10885.5
2022-12-29 09:30:00,7621,192,10885.75,10892.0,10866.5,10877.75
2022-12-29 09:32:00,5626,119,10877.75,10882.75,10856.5,10881.0
2022-12-29 09:34:00,8501,316,10881.75,10913.75,10878.5,10906.0
2022-12-29 09:36:00,5168,535,10906.5,10927.5,10899.0,10921.0
2022-12-29 09:38:00,4195,-67,10921.0,10930.0,10915.5,10922.25
2022-12-29 09:40:00,5404,92,10922.5,10952.5,10922.25,10950.25
2022-12-29 09:42:00,4587,32,10950.0,10968.25,10945.25,10966.0
2022-12-29 09:44:00,4646,-333,10966.5,10968.5,10947.75,10952.5
2022-12-29 09:46:00,3512,166,10953.0,10964.5,10947.5,10963.75
2022-12-29 09:48:00,3484,-124,10963.75,10967.5,10952.75,10962.5
2022-12-29 09:50:00,5439,37,10963.0,10976.75,10955.25,10960.75
2022-12-29 09:52:00,3442,-332,10960.75,10963.5,10942.0,10947.5
2022-12-29 09:54:00,3037,34,10947.25,10960.75,10947.25,10955.75
2022-12-29 09:56:00,2198,-71,10955.25,10963.5,10949.0,10963.5
2022-12-29 09:58:00,3506,-110,10963.25,10971.5,10956.25,10963.25
2022-12-29 10:00:00,4800,382,10963.75,10980.5,10958.5,10966.0
2022-12-29 10:02:00,3511,-409,10966.5,10966.5,10943.5,10952.25
2022-12-29 10:04:00,2350,51,10952.25,10959.0,10946.25,10958.75
2022-12-29 10:06:00,3444,193,10958.5,10976.25,10952.5,10974.5
2022-12-29 10:08:00,2751,-333,10975.0,10983.75,10970.5,10974.25
2022-12-29 10:10:00,2134,-88,10974.75,10983.75,10971.0,10982.75
2022-12-29 10:12:00,2177,-114,10982.5,10988.25,10975.0,10985.0
2022-12-29 10:14:00,4216,545,10985.0,11004.0,10985.0,11002.5
2022-12-29 10:16:00,2522,-423,11002.75,11003.25,10989.5,10993.25
2022-12-29 10:18:00,5194,619,10992.75,11012.25,10992.5,11011.75
2022-12-29 10:20:00,4338,-442,11011.75,11016.75,11000.5,11000.75
2022-12-29 10:22:00,3348,-235,11001.25,11008.25,10995.0,10998.25
2022-12-29 10:24:00,2188,21,10998.5,11004.75,10995.5,11003.25
2022-12-29 10:26:00,2553,-181,11003.25,11005.25,10993.25,11000.5
2022-12-29 10:28:00,1925,-289,11000.5,11003.75,10989.75,10993.0
2022-12-29 10:30:00,2598,132,10993.25,11007.5,10993.0,11004.25
2022-12-29 10:32:00,2295,-142,11004.0,11013.5,10997.5,11002.75
2022-12-29 10:34:00,3003,399,11003.0,11022.75,11002.0,11021.75
2022-12-29 10:36:00,2537,-371,11021.75,11022.25,11011.5,11017.25
2022-12-29 10:38:00,2091,141,11017.25,11027.5,11016.75,11023.25
2022-12-29 10:40:00,1773,27,11023.0,11025.0,11017.25,11021.5
2022-12-29 10:42:00,2636,58,11021.75,11032.5,11020.25,11026.5
2022-12-29 10:44:00,2078,-138,11026.25,11031.25,11018.75,11026.75
2022-12-29 10:46:00,1700,-26,11026.75,11030.0,11021.5,11023.0
2022-12-29 10:48:00,2669,-112,11023.0,11023.75,11013.0,11016.25
2022-12-29 10:50:00,2124,52,11016.5,11031.25,11016.5,11024.75
2022-12-29 10:52:00,1488,17,11024.5,11031.5,11021.5,11028.75
2022-12-29 10:54:00,1438,-12,11028.75,11029.0,11022.75,11026.0
2022-12-29 10:56:00,2283,380,11026.25,11037.0,11024.5,11036.25
2022-12-29 10:58:00,1796,-22,11036.75,11037.0,11028.5,11031.75
2022-12-29 11:00:00,2007,196,11032.0,11038.75,11031.25,11034.0
2022-12-29 11:02:00,2423,-161,11034.0,11034.25,11020.25,11027.75
2022-12-29 11:04:00,1747,-199,11028.0,11031.0,11023.5,11030.75
2022-12-29 11:06:00,1822,22,11030.5,11036.0,11024.5,11032.0
2022-12-29 11:08:00,3710,-277,11032.5,11033.25,11012.5,11017.0
2022-12-29 11:10:00,3255,-74,11017.25,11022.25,11007.25,11011.25
2022-12-29 11:12:00,2055,-19,11011.25,11016.0,11003.25,11007.0
2022-12-29 11:14:00,2170,-111,11007.0,11017.25,11007.0,11016.5
2022-12-29 11:16:00,2283,371,11016.75,11024.0,11015.25,11023.0
2022-12-29 11:18:00,1912,0,11023.0,11030.25,11020.25,11021.25
2022-12-29 11:20:00,1121,-89,11021.25,11027.25,11018.75,11021.25
2022-12-29 11:22:00,1471,-155,11021.25,11021.25,11010.75,11015.0
2022-12-29 11:24:00,1549,90,11014.25,11025.25,11011.0,11024.5
2022-12-29 11:26:00,1337,-41,11024.5,11028.75,11020.0,11022.0
2022-12-29 11:28:00,1003,-63,11022.25,11027.5,11020.75,11024.75
2022-12-29 11:30:00,1912,224,11024.75,11037.25,11024.75,11036.5
2022-12-29 11:32:00,2856,406,11036.75,11049.25,11036.25,11043.75
2022-12-29 11:34:00,1449,-10,11044.0,11048.75,11041.0,11041.75
2022-12-29 11:36:00,1657,-162,11042.0,11042.0,11033.75,11034.75
2022-12-29 11:38:00,1267,131,11035.0,11042.75,11034.5,11040.75
2022-12-29 11:40:00,1100,-91,11040.75,11045.25,11039.0,11043.25
2022-12-29 11:42:00,1402,-68,11043.25,11048.5,11037.75,11041.25
2022-12-29 11:44:00,1035,179,11041.25,11046.0,11039.5,11046.0
2022-12-29 11:46:00,2474,223,11046.0,11050.5,11043.5,11047.25
2022-12-29 11:48:00,2039,-122,11047.25,11053.5,11046.5,11049.75
2022-12-29 11:50:00,2448,214,11050.0,11062.5,11049.0,11059.5
2022-12-29 11:52:00,2580,112,11059.25,11067.0,11058.25,11065.5
2022-12-29 11:54:00,2958,-263,11065.75,11071.5,11059.75,11060.25
2022-12-29 11:56:00,2269,-81,11060.0,11064.75,11057.0,11059.75
2022-12-29 11:58:00,1682,42,11059.25,11065.5,11057.75,11058.75
2022-12-29 12:00:00,1499,-115,11058.75,11062.5,11056.75,11061.5
2022-12-29 12:02:00,1438,-156,11061.75,11064.5,11053.75,11054.0
2022-12-29 12:04:00,1893,-93,11054.25,11054.5,11045.0,11048.75
2022-12-29 12:06:00,1310,-24,11048.5,11050.5,11045.0,11048.25
2022-12-29 12:08:00,1252,53,11048.75,11053.5,11047.75,11052.5
2022-12-29 12:10:00,1270,54,11053.0,11057.5,11052.0,11055.25
2022-12-29 12:12:00,1008,-182,11055.25,11055.25,11045.75,11046.25
2022-12-29 12:14:00,2127,-254,11046.0,11047.0,11036.25,11041.0
2022-12-29 12:16:00,1685,269,11041.25,11051.75,11040.75,11050.25
2022-12-29 12:18:00,1277,45,11050.75,11058.0,11049.0,11052.0
2022-12-29 12:20:00,880,-163,11052.25,11053.25,11049.0,11051.75
2022-12-29 12:22:00,1176,-213,11052.0,11056.0,11043.25,11044.5
2022-12-29 12:24:00,1042,-310,11044.5,11047.75,11039.5,11040.75
2022-12-29 12:26:00,1188,-97,11041.0,11045.25,11037.25,11043.5
2022-12-29 12:28:00,830,-53,11043.75,11048.0,11041.0,11042.0
2022-12-29 12:30:00,1631,-287,11042.5,11045.0,11033.5,11036.25
2022-12-29 12:32:00,1031,20,11036.25,11045.25,11035.25,11041.25
2022-12-29 12:34:00,1646,-394,11041.25,11041.25,11027.75,11029.5
2022-12-29 12:36:00,1676,-166,11029.5,11031.75,11021.25,11023.5
2022-12-29 12:38:00,1202,-42,11024.0,11026.25,11019.5,11025.0
2022-12-29 12:40:00,1502,-6,11024.5,11032.75,11024.0,11027.25
2022-12-29 12:42:00,1438,61,11027.5,11029.5,11019.5,11028.5
2022-12-29 12:44:00,773,-43,11028.5,11029.0,11024.25,11025.75
2022-12-29 12:46:00,720,-43,11025.75,11028.0,11021.75,11023.0
2022-12-29 12:48:00,579,4,11022.75,11027.5,11021.75,11024.25
2022-12-29 12:50:00,1529,242,11024.75,11034.5,11024.0,11032.75
2022-12-29 12:52:00,1015,40,11033.0,11038.5,11031.75,11037.75
2022-12-29 12:54:00,1633,149,11037.5,11043.75,11036.5,11041.0
2022-12-29 12:56:00,1102,28,11041.0,11043.75,11039.5,11040.75
2022-12-29 12:58:00,1029,-29,11040.25,11045.5,11036.5,11037.5
2022-12-29 13:00:00,1663,-205,11037.25,11043.5,11033.5,11036.5
2022-12-29 13:02:00,991,86,11036.75,11042.5,11034.75,11035.75
2022-12-29 13:04:00,2038,-262,11036.25,11037.25,11018.75,11019.5
2022-12-29 13:06:00,1846,-252,11019.75,11024.5,11011.25,11012.0
2022-12-29 13:08:00,1408,11,11012.25,11016.75,11009.75,11015.5
2022-12-29 13:10:00,1295,16,11015.25,11022.5,11014.25,11021.0
2022-12-29 13:12:00,1036,145,11020.5,11028.25,11020.0,11026.5
2022-12-29 13:14:00,769,-84,11026.75,11027.5,11020.25,11020.75
2022-12-29 13:16:00,1155,304,11021.0,11035.5,11020.75,11034.5
2022-12-29 13:18:00,1188,18,11034.75,11040.5,11030.25,11030.5
2022-12-29 13:20:00,897,-91,11030.75,11032.0,11026.0,11027.25
2022-12-29 13:22:00,917,-25,11027.5,11032.75,11023.25,11031.75
2022-12-29 13:24:00,731,94,11031.75,11036.0,11030.25,11032.5
2022-12-29 13:26:00,620,-13,11032.75,11037.75,11030.5,11036.25
2022-12-29 13:28:00,733,-44,11036.0,11036.5,11028.75,11031.75
2022-12-29 13:30:00,992,-176,11032.5,11033.5,11024.5,11028.0
2022-12-29 13:32:00,857,-91,11028.0,11029.5,11021.75,11029.0
2022-12-29 13:34:00,965,3,11029.75,11034.5,11021.75,11025.5
2022-12-29 13:36:00,706,-48,11025.25,11030.0,11021.0,11029.25
2022-12-29 13:38:00,737,-5,11029.75,11033.75,11026.25,11033.0
2022-12-29 13:40:00,1352,172,11033.5,11043.0,11033.0,11038.5
2022-12-29 13:42:00,958,182,11038.5,11042.5,11034.0,11041.25
2022-12-29 13:44:00,886,-75,11041.5,11044.5,11036.25,11037.25
2022-12-29 13:46:00,864,-92,11037.0,11037.75,11030.75,11033.5
2022-12-29 13:48:00,548,83,11033.5,11039.5,11033.0,11039.0
2022-12-29 13:50:00,821,-92,11039.0,11040.25,11031.75,11037.25
2022-12-29 13:52:00,731,92,11036.75,11043.5,11034.5,11040.75
2022-12-29 13:54:00,1170,65,11041.0,11046.5,11038.0,11042.25
2022-12-29 13:56:00,692,-35,11042.5,11044.75,11040.75,11043.25
2022-12-29 13:58:00,1150,121,11043.5,11049.75,11043.25,11046.25
2022-12-29 14:00:00,2279,262,11046.0,11058.75,11045.75,11054.5
2022-12-29 14:02:00,1569,153,11054.25,11062.0,11053.0,11057.75
2022-12-29 14:04:00,1051,88,11057.5,11062.0,11057.0,11061.5
2022-12-29 14:06:00,1057,-68,11061.75,11064.0,11057.5,11060.25
2022-12-29 14:08:00,1604,-142,11060.5,11061.0,11045.25,11051.25
2022-12-29 14:10:00,1012,-62,11051.75,11053.0,11046.75,11047.25
2022-12-29 14:12:00,1359,-76,11047.0,11048.75,11039.5,11044.5
2022-12-29 14:14:00,834,3,11044.75,11045.75,11040.5,11045.75
2022-12-29 14:16:00,773,15,11046.0,11047.0,11041.0,11044.5
2022-12-29 14:18:00,1068,38,11044.0,11053.25,11041.25,11049.5
2022-12-29 14:20:00,1004,-144,11049.5,11050.25,11044.0,11046.75
2022-12-29 14:22:00,661,46,11046.25,11051.0,11045.25,11047.5
2022-12-29 14:24:00,839,-70,11048.0,11050.0,11043.25,11048.25
2022-12-29 14:26:00,977,-186,11048.0,11048.0,11040.5,11044.0
2022-12-29 14:28:00,1336,-107,11044.0,11045.5,11035.0,11035.5
2022-12-29 14:30:00,1601,-65,11035.5,11037.75,11029.25,11032.5
2022-12-29 14:32:00,1130,153,11032.75,11037.75,11030.75,11036.25
2022-12-29 14:34:00,908,-9,11036.0,11039.5,11032.75,11035.0
2022-12-29 14:36:00,659,47,11035.0,11040.0,11032.75,11036.5
2022-12-29 14:38:00,644,23,11037.0,11041.75,11037.0,11040.25
2022-12-29 14:40:00,989,71,11040.25,11046.5,11037.75,11042.25
2022-12-29 14:42:00,906,48,11042.0,11049.5,11040.75,11044.5
2022-12-29 14:44:00,851,-39,11044.75,11046.0,11038.0,11041.0
2022-12-29 14:46:00,834,-62,11040.75,11042.75,11035.75,11039.5
2022-12-29 14:48:00,924,15,11039.0,11045.25,11036.5,11040.0
2022-12-29 14:50:00,1222,-193,11039.75,11041.25,11030.75,11032.25
2022-12-29 14:52:00,1105,-11,11032.5,11036.5,11028.5,11035.5
2022-12-29 14:54:00,733,-8,11035.5,11035.75,11031.0,11032.75
2022-12-29 14:56:00,1212,26,11032.5,11033.5,11026.0,11030.75
2022-12-29 14:58:00,1091,3,11031.25,11033.75,11027.5,11030.0
2022-12-29 15:00:00,1223,-9,11030.25,11035.0,11028.25,11031.25
2022-12-29 15:02:00,1161,35,11031.25,11038.25,11031.0,11037.75
2022-12-29 15:04:00,1593,154,11037.75,11047.75,11037.0,11046.25
2022-12-29 15:06:00,1113,-9,11046.25,11049.0,11042.5,11045.0
2022-12-29 15:08:00,817,81,11045.25,11048.25,11040.0,11048.0
2022-12-29 15:10:00,1654,18,11048.0,11048.25,11032.0,11035.75
2022-12-29 15:12:00,1166,166,11035.5,11046.25,11034.5,11044.5
2022-12-29 15:14:00,1644,147,11044.25,11045.0,11035.0,11039.0
2022-12-29 15:16:00,1038,-19,11039.25,11044.75,11037.5,11043.0
2022-12-29 15:18:00,1418,-50,11043.0,11044.5,11034.25,11040.5
2022-12-29 15:20:00,1565,192,11040.75,11052.25,11038.5,11049.75
2022-12-29 15:22:00,875,-91,11049.5,11050.5,11045.0,11047.0
2022-12-29 15:24:00,850,58,11046.75,11050.5,11044.75,11045.75
2022-12-29 15:26:00,721,81,11045.75,11051.5,11045.25,11051.25
2022-12-29 15:28:00,1202,-63,11051.5,11054.5,11043.25,11047.25
2022-12-29 15:30:00,963,161,11047.25,11056.25,11046.0,11055.75
2022-12-29 15:32:00,934,-51,11055.5,11058.0,11051.0,11053.0
2022-12-29 15:34:00,941,102,11053.0,11059.5,11052.25,11058.75
2022-12-29 15:36:00,1638,205,11058.5,11066.75,11057.75,11061.5
2022-12-29 15:38:00,1363,-110,11061.25,11063.25,11052.5,11057.0
2022-12-29 15:40:00,789,-100,11057.25,11058.0,11052.0,11056.75
2022-12-29 15:42:00,1040,89,11056.25,11062.5,11053.25,11053.75
2022-12-29 15:44:00,941,74,11054.25,11061.75,11054.25,11057.25
2022-12-29 15:46:00,1239,-3,11057.5,11066.0,11056.25,11062.75
2022-12-29 15:48:00,948,-80,11062.5,11066.25,11057.25,11063.25
2022-12-29 15:50:00,3662,17,11063.5,11070.0,11048.25,11056.5
2022-12-29 15:52:00,2413,-156,11057.0,11058.0,11051.25,11056.75
2022-12-29 15:54:00,4660,-450,11056.5,11060.5,11041.75,11049.25
2022-12-29 15:56:00,3035,11,11048.75,11050.25,11041.5,11042.25
2022-12-29 15:58:00,11225,-950,11042.5,11042.5,11029.25,11032.0
2022-12-29 16:00:00,4587,171,11031.75,11041.5,11028.25,11036.0
2022-12-29 16:02:00,1636,-199,11036.25,11037.5,11031.25,11032.75
2022-12-29 16:04:00,807,-46,11032.75,11036.75,11030.25,11036.5
2022-12-29 16:06:00,752,-24,11036.5,11038.0,11034.25,11035.5
2022-12-29 16:08:00,634,8,11035.25,11039.5,11033.75,11038.5
2022-12-29 16:10:00,960,-26,11038.5,11039.5,11034.0,11034.25
2022-12-29 16:12:00,525,33,11034.25,11036.75,11032.5,11034.5
2022-12-29 16:14:00,416,-25,11035.0,11037.5,11032.25,11034.5
2022-12-29 16:16:00,186,11,11034.0,11035.5,11032.25,11032.75
2022-12-29 16:18:00,277,9,11032.5,11033.75,11032.0,11033.5
2022-12-29 16:20:00,240,17,11033.0,11035.0,11032.25,11034.75
2022-12-29 16:22:00,107,4,11034.5,11035.25,11033.0,11035.25
2022-12-29 16:24:00,117,40,11035.25,11036.0,11034.25,11035.0
2022-12-29 16:26:00,140,31,11034.75,11035.5,11033.0,11035.5
2022-12-29 16:28:00,63,-15,11035.0,11035.0,11033.5,11034.25
2022-12-29 16:30:00,120,-40,11034.0,11034.0,11032.5,11032.5
2022-12-29 16:32:00,93,-4,11032.75,11032.75,11032.0,11032.5
2022-12-29 16:34:00,228,-37,11032.25,11032.75,11030.0,11031.0
2022-12-29 16:36:00,75,6,11030.75,11031.75,11030.5,11031.0
2022-12-29 16:38:00,169,-35,11030.75,11030.75,11028.75,11029.25
2022-12-29 16:40:00,92,-30,11029.25,11030.5,11029.0,11029.75
2022-12-29 16:42:00,188,16,11029.75,11030.25,11027.25,11028.0
2022-12-29 16:44:00,111,37,11028.0,11029.5,11028.0,11029.25
2022-12-29 16:46:00,137,74,11028.75,11031.0,11028.25,11030.0
2022-12-29 16:48:00,51,-1,11030.25,11030.75,11029.75,11029.75
2022-12-29 16:50:00,102,11,11030.0,11031.75,11029.5,11031.5
2022-12-29 16:52:00,76,-4,11031.25,11032.0,11030.75,11031.0
2022-12-29 16:54:00,213,-33,11031.0,11031.0,11027.75,11028.75
2022-12-29 16:56:00,104,-2,11028.5,11029.25,11027.5,11029.0
2022-12-29 16:58:00,139,41,11029.0,11030.5,11028.5,11030.0
2022-12-29 18:00:00,375,-18,11033.5,11036.25,11027.5,11028.0
2022-12-29 18:02:00,124,-24,11028.0,11028.25,11025.0,11027.25
2022-12-29 18:04:00,85,-9,11027.25,11028.75,11026.75,11026.75
2022-12-29 18:06:00,116,44,11027.0,11031.5,11027.0,11030.25
2022-12-29 18:08:00,315,-67,11030.0,11030.0,11022.0,11022.25
2022-12-29 18:10:00,96,9,11022.75,11025.25,11022.0,11025.0
2022-12-29 18:12:00,76,-7,11025.0,11025.25,11023.5,11024.5
2022-12-29 18:14:00,77,17,11024.25,11026.75,11023.75,11026.25
2022-12-29 18:16:00,60,41,11026.5,11027.75,11026.0,11027.5
2022-12-29 18:18:00,33,-1,11027.5,11027.5,11026.25,11026.75
2022-12-29 18:20:00,97,-20,11026.75,11026.75,11023.25,11023.25
2022-12-29 18:22:00,86,85,11023.5,11027.75,11023.0,11027.5
2022-12-29 18:24:00,91,0,11027.25,11027.5,11024.0,11026.0
2022-12-29 18:26:00,48,-17,11026.25,11026.75,11024.75,11024.75
2022-12-29 18:28:00,25,-11,11025.0,11025.0,11023.75,11023.75
2022-12-29 18:30:00,95,10,11023.75,11026.75,11023.0,11024.5
2022-12-29 18:32:00,31,14,11024.5,11026.25,11024.0,11025.25
2022-12-29 18:34:00,32,10,11026.0,11028.25,11026.0,11026.5
2022-12-29 18:36:00,114,-94,11026.25,11026.25,11021.25,11021.75
2022-12-29 18:38:00,38,-10,11022.25,11025.0,11022.25,11023.25
2022-12-29 18:40:00,43,-13,11023.25,11023.75,11021.25,11021.75
2022-12-29 18:42:00,85,-6,11021.25,11023.5,11020.75,11022.25
2022-12-29 18:44:00,93,24,11022.5,11025.25,11022.0,11025.0
2022-12-29 18:46:00,30,-2,11024.5,11024.5,11021.75,11023.25
2022-12-29 18:48:00,29,8,11023.25,11024.75,11023.25,11023.75
2022-12-29 18:50:00,40,-2,11023.0,11024.75,11023.0,11024.0
2022-12-29 18:52:00,53,-12,11023.75,11023.75,11021.75,11023.75
2022-12-29 18:54:00,29,15,11023.75,11025.25,11023.25,11024.5
2022-12-29 18:56:00,19,-4,11024.25,11024.5,11023.5,11023.5
2022-12-29 18:58:00,66,-17,11023.5,11024.5,11022.0,11022.5
2022-12-29 19:00:00,239,0,11022.75,11026.25,11021.25,11021.25
2022-12-29 19:02:00,180,-22,11021.5,11023.75,11020.0,11022.75
2022-12-29 19:04:00,64,1,11022.75,11024.75,11022.25,11023.0
2022-12-29 19:06:00,65,-4,11023.0,11023.0,11020.0,11021.25
2022-12-29 19:08:00,82,-15,11020.75,11021.5,11019.25,11021.0
2022-12-29 19:10:00,100,-17,11021.0,11021.0,11018.0,11019.0
2022-12-29 19:12:00,98,-12,11019.5,11019.75,11017.5,11017.75
2022-12-29 19:14:00,133,-21,11018.25,11018.25,11015.5,11017.0
2022-12-29 19:16:00,179,-27,11017.0,11017.0,11014.5,11014.5
2022-12-29 19:18:00,93,35,11015.0,11017.75,11015.0,11017.0
2022-12-29 19:20:00,52,2,11017.25,11017.75,11016.0,11017.5
2022-12-29 19:22:00,72,3,11017.5,11019.0,11017.25,11017.5
2022-12-29 19:24:00,24,4,11018.25,11018.25,11016.75,11017.5
2022-12-29 19:26:00,84,38,11017.0,11019.5,11017.0,11019.0
2022-12-29 19:28:00,38,-6,11019.5,11019.5,11017.5,11017.75
2022-12-29 19:30:00,38,-1,11018.0,11018.0,11016.25,11017.75
2022-12-29 19:32:00,56,-8,11018.0,11018.0,11015.0,11016.0
2022-12-29 19:34:00,64,-7,11016.75,11017.75,11016.0,11017.0
2022-12-29 19:36:00,50,11,11017.0,11019.0,11017.0,11017.5
2022-12-29 19:38:00,23,12,11017.5,11017.75,11016.5,11017.75
2022-12-29 19:40:00,25,2,11017.5,11018.25,11016.75,11018.25
2022-12-29 19:42:00,30,0,11018.0,11018.5,11017.0,11018.5
2022-12-29 19:44:00,38,6,11018.75,11018.75,11017.0,11017.0
2022-12-29 19:46:00,118,-17,11017.25,11017.75,11014.0,11014.25
2022-12-29 19:48:00,87,20,11014.75,11017.25,11014.0,11016.5
2022-12-29 19:50:00,65,19,11017.0,11017.0,11015.25,11015.75
2022-12-29 19:52:00,33,4,11015.75,11016.5,11015.0,11015.75
2022-12-29 19:54:00,95,27,11016.0,11018.0,11015.75,11017.5
2022-12-29 19:56:00,72,-27,11017.75,11018.0,11016.25,11017.5
2022-12-29 19:58:00,63,9,11017.75,11017.75,11016.0,11016.75
2022-12-29 20:00:00,237,83,11017.0,11022.75,11015.5,11021.25
2022-12-29 20:02:00,155,77,11021.25,11021.75,11019.0,11019.75
2022-12-29 20:04:00,70,-11,11019.5,11019.5,11017.5,11018.5
2022-12-29 20:06:00,111,-30,11018.25,11018.25,11014.0,11014.75
2022-12-29 20:08:00,259,-54,11014.5,11015.0,11007.75,11009.5
2022-12-29 20:10:00,112,40,11009.25,11014.0,11009.25,11012.5
2022-12-29 20:12:00,85,-17,11012.0,11012.25,11007.0,11007.25
2022-12-29 20:14:00,252,-25,11007.5,11009.0,11004.75,11008.75
2022-12-29 20:16:00,172,118,11009.25,11012.5,11009.25,11012.5
2022-12-29 20:18:00,104,9,11012.5,11013.25,11009.75,11012.5
2022-12-29 20:20:00,59,0,11012.25,11013.25,11012.0,11012.5
2022-12-29 20:22:00,56,14,11012.75,11013.0,11011.5,11012.25
2022-12-29 20:24:00,70,39,11013.0,11015.0,11012.0,11013.75
2022-12-29 20:26:00,73,-11,11014.5,11015.0,11011.5,11012.75
2022-12-29 20:28:00,61,15,11012.25,11014.0,11011.25,11012.75
2022-12-29 20:30:00,113,17,11011.75,11014.5,11010.5,11013.0
2022-12-29 20:32:00,79,26,11012.5,11013.5,11011.0,11011.75
2022-12-29 20:34:00,87,11,11011.5,11013.0,11010.5,11011.0
2022-12-29 20:36:00,96,-4,11010.75,11012.5,11009.0,11012.25
2022-12-29 20:38:00,145,-58,11012.75,11013.75,11007.0,11008.0
2022-12-29 20:40:00,126,28,11007.75,11009.5,11006.25,11008.5
2022-12-29 20:42:00,64,-25,11009.25,11010.0,11005.5,11006.25
2022-12-29 20:44:00,105,11,11006.0,11008.75,11005.5,11008.75
2022-12-29 20:46:00,87,67,11009.25,11011.25,11009.0,11009.75
2022-12-29 20:48:00,71,0,11010.75,11012.0,11008.25,11008.5
2022-12-29 20:50:00,45,4,11008.25,11011.25,11007.25,11011.0
2022-12-29 20:52:00,50,23,11010.25,11012.0,11010.0,11011.25
2022-12-29 20:54:00,24,1,11012.0,11012.0,11009.75,11011.5
2022-12-29 20:56:00,57,37,11011.75,11013.5,11011.0,11011.75
2022-12-29 20:58:00,66,17,11011.5,11014.0,11011.0,11014.0
2022-12-29 21:00:00,154,53,11013.5,11014.5,11010.0,11013.75
2022-12-29 21:02:00,61,-23,11013.0,11014.0,11010.75,11011.5
2022-12-29 21:04:00,42,0,11011.75,11014.25,11011.75,11014.0
2022-12-29 21:06:00,66,-2,11014.0,11014.5,11012.5,11012.5
2022-12-29 21:08:00,30,-7,11012.5,11013.75,11012.25,11013.0
2022-12-29 21:10:00,80,36,11013.25,11016.0,11013.25,11014.0
2022-12-29 21:12:00,48,14,11014.0,11016.5,11014.0,11016.25
2022-12-29 21:14:00,60,20,11016.5,11017.25,11015.5,11016.25
2022-12-29 21:16:00,47,0,11015.75,11016.5,11014.25,11014.5
2022-12-29 21:18:00,18,2,11014.5,11015.0,11014.25,11014.5
2022-12-29 21:20:00,89,-45,11014.25,11014.25,11009.25,11009.5
2022-12-29 21:22:00,180,-75,11009.5,11009.5,11005.75,11009.0
2022-12-29 21:24:00,106,54,11009.0,11013.5,11009.0,11013.5
2022-12-29 21:26:00,131,21,11013.75,11016.0,11013.75,11015.0
2022-12-29 21:28:00,111,73,11015.25,11017.75,11014.75,11015.5
2022-12-29 21:30:00,302,-1,11016.25,11021.25,11016.25,11018.75
2022-12-29 21:32:00,99,-43,11019.25,11019.75,11016.25,11018.75
2022-12-29 21:34:00,69,-2,11018.75,11019.5,11017.25,11018.75
2022-12-29 21:36:00,68,10,11019.0,11020.25,11018.5,11019.0
2022-12-29 21:38:00,71,12,11018.25,11020.5,11017.5,11020.0
2022-12-29 21:40:00,40,-14,11019.0,11020.5,11017.25,11018.25
2022-12-29 21:42:00,58,-2,11017.5,11018.5,11016.75,11018.25
2022-12-29 21:44:00,32,5,11018.25,11018.5,11016.75,11018.25
2022-12-29 21:46:00,51,11,11018.25,11020.25,11018.25,11019.25
2022-12-29 21:48:00,57,5,11019.5,11021.0,11019.5,11020.0
2022-12-29 21:50:00,44,-5,11019.5,11020.25,11018.75,11018.75
2022-12-29 21:52:00,28,-10,11018.5,11019.5,11018.5,11018.75
2022-12-29 21:54:00,33,2,11018.75,11020.0,11018.5,11019.75
2022-12-29 21:56:00,36,8,11019.75,11020.0,11018.0,11019.5
2022-12-29 21:58:00,141,68,11019.25,11023.25,11018.75,11022.0
2022-12-29 22:00:00,161,43,11022.25,11025.25,11021.75,11024.25
2022-12-29 22:02:00,91,20,11024.25,11025.25,11023.75,11024.0
2022-12-29 22:04:00,137,67,11024.0,11027.0,11024.0,11026.75
2022-12-29 22:06:00,169,26,11026.25,11029.5,11026.25,11027.5
2022-12-29 22:08:00,73,2,11028.0,11028.75,11026.25,11027.0
2022-12-29 22:10:00,31,1,11027.0,11027.0,11025.5,11025.5
2022-12-29 22:12:00,45,-14,11025.25,11025.75,11024.0,11025.5
2022-12-29 22:14:00,35,-1,11026.0,11026.0,11023.5,11023.5
2022-12-29 22:16:00,35,6,11025.0,11026.0,11024.0,11024.75
2022-12-29 22:18:00,42,-5,11024.25,11025.0,11023.5,11024.75
2022-12-29 22:20:00,52,20,11024.75,11026.5,11024.75,11025.75
2022-12-29 22:22:00,38,2,11026.25,11027.0,11025.5,11026.0
2022-12-29 22:24:00,37,20,11026.25,11027.25,11025.5,11027.25
2022-12-29 22:26:00,56,-64,11027.25,11027.25,11024.0,11024.75
2022-12-29 22:28:00,79,-70,11025.0,11025.0,11022.5,11022.5
2022-12-29 22:30:00,184,61,11022.75,11030.0,11022.5,11029.0
2022-12-29 22:32:00,47,1,11029.0,11029.0,11026.25,11026.5
2022-12-29 22:34:00,43,-40,11026.25,11028.0,11026.0,11026.0
2022-12-29 22:36:00,33,-6,11026.0,11027.0,11025.0,11026.25
2022-12-29 22:38:00,15,5,11026.5,11027.25,11026.0,11027.0
2022-12-29 22:40:00,40,17,11027.25,11028.5,11026.5,11028.5
2022-12-29 22:42:00,21,-6,11028.25,11028.25,11026.25,11026.5
2022-12-29 22:44:00,60,18,11027.5,11029.0,11027.0,11027.75
2022-12-29 22:46:00,27,-6,11027.75,11028.5,11026.0,11026.0
2022-12-29 22:48:00,27,4,11026.25,11027.25,11025.0,11027.25
2022-12-29 22:50:00,21,6,11027.25,11028.5,11027.0,11027.75
2022-12-29 22:52:00,33,-8,11028.5,11028.5,11026.25,11026.25
2022-12-29 22:54:00,33,-8,11026.25,11027.0,11025.75,11027.0
2022-12-29 22:56:00,20,2,11026.75,11028.0,11026.5,11027.0
2022-12-29 22:58:00,52,-17,11026.75,11026.75,11024.5,11024.75
2022-12-29 23:00:00,53,3,11025.5,11025.5,11024.25,11024.5
2022-12-29 23:02:00,49,-44,11024.5,11024.75,11021.5,11022.25
2022-12-29 23:04:00,42,-5,11022.5,11023.75,11021.5,11022.0
2022-12-29 23:06:00,98,-27,11021.75,11022.25,11020.0,11022.25
2022-12-29 23:08:00,19,1,11021.5,11023.0,11021.0,11022.25
2022-12-29 23:10:00,11,-7,11021.75,11022.75,11021.5,11021.75
2022-12-29 23:12:00,19,-18,11022.0,11022.0,11020.25,11020.25
2022-12-29 23:14:00,25,-9,11020.75,11021.5,11019.25,11019.25
2022-12-29 23:16:00,60,-5,11019.25,11019.75,11018.5,11019.5
2022-12-29 23:18:00,34,8,11019.75,11022.0,11019.75,11021.25
2022-12-29 23:20:00,36,2,11021.0,11022.0,11020.75,11021.75
2022-12-29 23:22:00,14,-5,11021.25,11022.0,11020.5,11020.75
2022-12-29 23:24:00,10,2,11021.25,11021.75,11020.0,11020.75
2022-12-29 23:26:00,88,4,11021.0,11023.0,11019.75,11020.0
2022-12-29 23:28:00,21,13,11020.0,11021.75,11020.0,11021.75
2022-12-29 23:30:00,19,-5,11022.75,11022.75,11020.5,11021.0
2022-12-29 23:32:00,45,-2,11021.0,11021.25,11019.25,11021.0
2022-12-29 23:34:00,13,7,11021.75,11022.25,11021.5,11021.75
2022-12-29 23:36:00,14,2,11022.25,11022.75,11021.5,11022.75
2022-12-29 23:38:00,50,73,11022.0,11024.75,11021.5,11023.25
2022-12-29 23:40:00,124,-5,11023.5,11024.5,11019.75,11022.0
2022-12-29 23:42:00,20,-5,11021.75,11022.5,11020.0,11020.0
2022-12-29 23:44:00,70,-19,11020.5,11020.5,11017.5,11019.5
2022-12-29 23:46:00,15,3,11019.5,11020.0,11019.25,11019.75
2022-12-29 23:48:00,15,8,11020.5,11020.75,11020.0,11020.5
2022-12-29 23:50:00,9,-1,11020.75,11020.75,11019.5,11020.75
2022-12-29 23:52:00,16,0,11020.75,11020.75,11019.5,11020.25
2022-12-29 23:54:00,72,-4,11020.25,11021.75,11018.0,11021.75
2022-12-29 23:56:00,11,-1,11021.75,11021.75,11021.0,11021.5
2022-12-29 23:58:00,32,7,11021.5,11023.0,11021.5,11022.0
2023-01-06 00:00:00,44,5,10874.25,10874.5,10873.0,10873.75
2023-01-06 00:02:00,62,-28,10874.0,10874.0,10870.5,10870.75
2023-01-06 00:04:00,63,-4,10870.75,10871.25,10868.5,10870.0
2023-01-06 00:06:00,31,-6,10870.75,10870.75,10869.0,10869.0
2023-01-06 00:08:00,76,-15,10868.75,10869.5,10867.0,10868.0
2023-01-06 00:10:00,46,-8,10867.75,10870.0,10866.75,10866.75
2023-01-06 00:12:00,53,-9,10866.5,10867.25,10865.5,10865.75
2023-01-06 00:14:00,68,-31,10865.5,10867.75,10864.75,10866.75
2023-01-06 00:16:00,54,-4,10866.25,10867.25,10864.5,10864.5
2023-01-06 00:18:00,110,1,10864.5,10865.75,10862.25,10863.75
2023-01-06 00:20:00,45,-12,10863.0,10864.25,10863.0,10863.5
2023-01-06 00:22:00,121,-24,10862.75,10863.5,10860.25,10861.75
2023-01-06 00:24:00,161,-92,10860.75,10861.75,10857.5,10858.0
2023-01-06 00:26:00,199,-89,10858.5,10858.5,10853.0,10855.5
2023-01-06 00:28:00,145,20,10855.0,10857.5,10854.5,10855.25
2023-01-06 00:30:00,226,-86,10855.75,10856.75,10850.5,10850.5
2023-01-06 00:32:00,184,-35,10851.0,10852.25,10848.75,10852.0
2023-01-06 00:34:00,126,-7,10851.75,10854.25,10849.0,10849.75
2023-01-06 00:36:00,100,-37,10850.0,10852.25,10848.5,10850.75
2023-01-06 00:38:00,94,16,10851.0,10852.75,10850.25,10850.75
2023-01-06 00:40:00,89,21,10851.25,10854.5,10850.5,10854.0
2023-01-06 00:42:00,119,-23,10853.25,10853.5,10847.75,10848.0
2023-01-06 00:44:00,97,16,10848.25,10851.0,10848.0,10848.75
2023-01-06 00:46:00,98,-9,10848.25,10848.75,10846.75,10847.75
2023-01-06 00:48:00,147,-54,10847.75,10847.75,10844.75,10845.5
2023-01-06 00:50:00,111,-58,10846.25,10847.5,10843.25,10845.0
2023-01-06 00:52:00,84,11,10845.0,10845.5,10843.25,10844.5
2023-01-06 00:54:00,104,16,10844.5,10846.75,10843.25,10846.75
2023-01-06 00:56:00,83,-13,10846.25,10848.5,10845.75,10847.25
2023-01-06 00:58:00,52,8,10847.25,10850.0,10847.0,10849.0
2023-01-06 01:00:00,179,25,10849.25,10853.75,10847.5,10850.0
2023-01-06 01:02:00,99,9,10850.5,10852.5,10848.25,10849.0
2023-01-06 01:04:00,88,10,10848.25,10851.75,10847.75,10851.25
2023-01-06 01:06:00,72,-7,10850.5,10850.75,10847.75,10849.25
2023-01-06 01:08:00,53,20,10848.75,10852.5,10848.75,10852.5
2023-01-06 01:10:00,86,23,10852.25,10853.75,10851.25,10853.0
2023-01-06 01:12:00,48,17,10852.75,10854.25,10852.0,10853.75
2023-01-06 01:14:00,70,11,10853.75,10856.25,10853.0,10854.5
2023-01-06 01:16:00,43,-8,10854.75,10855.0,10851.75,10852.0
2023-01-06 01:18:00,59,-12,10852.5,10853.0,10850.25,10850.25
2023-01-06 01:20:00,29,2,10850.75,10852.75,10850.25,10851.75
2023-01-06 01:22:00,29,-6,10851.75,10852.75,10850.5,10851.75
2023-01-06 01:24:00,132,-75,10851.25,10851.25,10846.25,10846.25
2023-01-06 01:26:00,77,-6,10847.0,10848.25,10844.75,10846.0
2023-01-06 01:28:00,76,-9,10845.5,10846.5,10843.5,10844.5
2023-01-06 01:30:00,76,3,10844.5,10848.5,10843.5,10848.0
2023-01-06 01:32:00,35,-6,10847.75,10848.75,10846.0,10846.75
2023-01-06 01:34:00,46,5,10846.75,10848.0,10845.5,10848.0
2023-01-06 01:36:00,67,2,10847.75,10849.5,10847.5,10847.75
2023-01-06 01:38:00,30,12,10848.0,10849.5,10847.75,10849.25
2023-01-06 01:40:00,191,125,10849.5,10855.0,10849.25,10853.75
2023-01-06 01:42:00,41,-24,10853.5,10853.5,10850.5,10852.25
2023-01-06 01:44:00,17,7,10852.5,10853.5,10852.5,10853.0
2023-01-06 01:46:00,79,-11,10853.0,10854.0,10852.0,10852.5
2023-01-06 01:48:00,30,2,10851.75,10852.75,10851.0,10852.25
2023-01-06 01:50:00,37,10,10851.75,10853.75,10851.5,10852.5
2023-01-06 01:52:00,96,-80,10853.25,10854.25,10850.0,10853.0
2023-01-06 01:54:00,42,12,10852.75,10853.0,10850.75,10851.75
2023-01-06 01:56:00,39,-4,10852.25,10853.0,10850.0,10850.5
2023-01-06 01:58:00,68,-19,10850.0,10850.25,10846.75,10849.25
2023-01-06 02:00:00,309,76,10849.5,10861.5,10849.0,10858.75
2023-01-06 02:02:00,161,36,10858.5,10862.5,10857.0,10862.0
2023-01-06 02:04:00,221,-23,10861.75,10863.25,10858.0,10860.0
2023-01-06 02:06:00,216,15,10860.5,10864.25,10860.5,10861.0
2023-01-06 02:08:00,77,-24,10861.5,10862.5,10858.5,10858.5
2023-01-06 02:10:00,81,3,10859.0,10863.75,10859.0,10859.0
2023-01-06 02:12:00,75,-6,10858.5,10860.5,10857.25,10858.5
2023-01-06 02:14:00,92,5,10858.5,10859.25,10856.25,10856.75
2023-01-06 02:16:00,151,-26,10857.0,10857.75,10852.75,10853.25
2023-01-06 02:18:00,161,-33,10853.5,10853.5,10847.0,10847.75
2023-01-06 02:20:00,271,-44,10848.0,10848.0,10841.25,10841.5
2023-01-06 02:22:00,388,-156,10841.0,10844.75,10835.25,10836.0
2023-01-06 02:24:00,251,-27,10836.25,10836.5,10832.0,10834.5
2023-01-06 02:26:00,145,-53,10834.75,10834.75,10831.0,10832.25
2023-01-06 02:28:00,114,6,10832.25,10835.25,10831.25,10831.75
2023-01-06 02:30:00,228,-88,10832.0,10837.25,10831.5,10833.0
2023-01-06 02:32:00,204,-75,10833.25,10834.0,10830.5,10833.0
2023-01-06 02:34:00,139,115,10833.0,10838.75,10833.0,10836.5
2023-01-06 02:36:00,94,-30,10836.25,10837.5,10832.75,10833.0
2023-01-06 02:38:00,134,-10,10833.5,10834.5,10830.75,10832.5
2023-01-06 02:40:00,314,-17,10831.75,10831.75,10827.0,10831.0
2023-01-06 02:42:00,136,32,10831.75,10834.5,10829.5,10833.5
2023-01-06 02:44:00,121,-6,10833.0,10833.0,10828.5,10830.0
2023-01-06 02:46:00,98,51,10830.5,10834.75,10829.75,10834.0
2023-01-06 02:48:00,97,19,10833.0,10833.5,10828.25,10829.75
2023-01-06 02:50:00,111,-4,10830.0,10833.0,10828.75,10833.0
2023-01-06 02:52:00,114,-12,10834.0,10834.25,10829.0,10829.5
2023-01-06 02:54:00,202,-10,10829.5,10831.5,10826.25,10828.25
2023-01-06 02:56:00,347,-177,10828.25,10829.75,10821.25,10823.25
2023-01-06 02:58:00,342,-127,10823.25,10824.0,10817.75,10819.75
2023-01-06 03:00:00,482,0,10819.75,10830.25,10817.5,10823.0
2023-01-06 03:02:00,359,27,10822.75,10833.75,10822.75,10826.5
2023-01-06 03:04:00,251,17,10827.25,10827.25,10820.25,10820.75
2023-01-06 03:06:00,507,-59,10820.75,10822.25,10813.0,10816.75
2023-01-06 03:08:00,317,-8,10816.25,10822.0,10814.5,10816.25
2023-01-06 03:10:00,326,23,10817.0,10819.0,10814.75,10817.75
2023-01-06 03:12:00,311,24,10818.0,10823.75,10814.25,10819.5
2023-01-06 03:14:00,403,-7,10819.75,10820.5,10815.0,10819.5
2023-01-06 03:16:00,917,-144,10818.75,10827.5,10811.0,10825.0
2023-01-06 03:18:00,563,173,10825.0,10834.5,10824.75,10832.25
2023-01-06 03:20:00,474,-52,10832.5,10835.25,10822.25,10826.5
2023-01-06 03:22:00,246,-14,10826.25,10831.75,10826.0,10827.5
2023-01-06 03:24:00,184,-60,10828.0,10830.5,10825.25,10827.75
2023-01-06 03:26:00,137,0,10828.0,10832.0,10827.75,10828.5
2023-01-06 03:28:00,164,38,10828.25,10831.75,10826.75,10828.5
2023-01-06 03:30:00,278,-7,10828.5,10833.75,10826.0,10826.25
2023-01-06 03:32:00,181,-71,10827.0,10828.5,10823.25,10824.0
2023-01-06 03:34:00,351,33,10824.5,10830.75,10820.25,10829.75
2023-01-06 03:36:00,253,48,10829.5,10833.0,10828.25,10831.25
2023-01-06 03:38:00,115,-14,10831.75,10832.75,10829.5,10832.5
2023-01-06 03:40:00,248,-42,10833.0,10833.5,10824.25,10826.75
2023-01-06 03:42:00,398,-64,10826.5,10827.0,10818.5,10820.25
2023-01-06 03:44:00,165,-6,10821.0,10825.0,10820.75,10823.0
2023-01-06 03:46:00,128,-27,10823.5,10824.0,10819.5,10822.5
2023-01-06 03:48:00,118,-8,10821.75,10826.25,10820.5,10821.0
2023-01-06 03:50:00,108,12,10820.75,10824.5,10819.0,10822.75
2023-01-06 03:52:00,147,20,10823.0,10825.75,10821.5,10824.0
2023-01-06 03:54:00,268,39,10825.75,10829.0,10823.75,10827.75
2023-01-06 03:56:00,122,-5,10828.0,10828.75,10825.25,10827.0
2023-01-06 03:58:00,102,-5,10827.0,10828.5,10824.5,10828.25
2023-01-06 04:00:00,301,-63,10828.0,10829.25,10820.25,10822.0
2023-01-06 04:02:00,319,-92,10822.25,10822.25,10814.5,10818.0
2023-01-06 04:04:00,271,134,10817.25,10822.0,10815.0,10821.25
2023-01-06 04:06:00,175,-9,10820.25,10820.25,10815.0,10815.0
2023-01-06 04:08:00,836,-201,10815.0,10816.0,10803.5,10809.5
2023-01-06 04:10:00,706,-153,10809.25,10809.5,10795.25,10798.75
2023-01-06 04:12:00,369,-26,10798.5,10799.5,10793.25,10795.25
2023-01-06 04:14:00,272,46,10795.75,10800.0,10793.25,10798.75
2023-01-06 04:16:00,252,29,10799.0,10803.0,10798.75,10799.75
2023-01-06 04:18:00,261,-4,10800.0,10802.25,10797.5,10801.5
2023-01-06 04:20:00,957,-468,10801.75,10802.25,10782.75,10787.0
2023-01-06 04:22:00,620,77,10787.25,10797.25,10781.25,10791.75
2023-01-06 04:24:00,325,-45,10791.5,10793.5,10788.25,10789.25
2023-01-06 04:26:00,192,1,10789.25,10794.25,10789.25,10792.25
2023-01-06 04:28:00,224,-24,10792.0,10794.25,10788.75,10788.75
2023-01-06 04:30:00,288,-97,10789.0,10790.75,10784.5,10786.0
2023-01-06 04:32:00,335,-23,10785.75,10790.5,10782.0,10786.0
2023-01-06 04:34:00,351,-110,10786.5,10787.5,10778.0,10780.25
2023-01-06 04:36:00,325,-16,10780.25,10784.25,10780.25,10784.25
2023-01-06 04:38:00,172,14,10784.25,10786.25,10783.75,10785.25
2023-01-06 04:40:00,167,-23,10784.75,10784.75,10780.25,10783.0
2023-01-06 04:42:00,632,278,10783.25,10801.25,10781.75,10795.75
2023-01-06 04:44:00,288,-15,10796.5,10797.0,10790.0,10792.75
2023-01-06 04:46:00,193,29,10793.25,10796.5,10789.75,10795.5
2023-01-06 04:48:00,274,-16,10796.0,10799.0,10793.5,10798.25
2023-01-06 04:50:00,230,9,10798.0,10800.0,10794.0,10795.5
2023-01-06 04:52:00,261,-6,10795.25,10799.75,10794.0,10798.5
2023-01-06 04:54:00,214,23,10798.25,10803.25,10798.25,10800.5
2023-01-06 04:56:00,140,5,10800.5,10802.75,10799.0,10802.5
2023-01-06 04:58:00,190,21,10802.75,10805.5,10800.75,10803.75
2023-01-06 05:00:00,423,-42,10803.5,10803.75,10792.0,10795.75
2023-01-06 05:02:00,284,-11,10795.25,10800.5,10793.25,10798.75
2023-01-06 05:04:00,239,71,10798.75,10804.25,10797.25,10802.5
2023-01-06 05:06:00,201,0,10802.25,10803.5,10797.75,10799.0
2023-01-06 05:08:00,187,-6,10798.5,10799.25,10795.75,10799.0
2023-01-06 05:10:00,230,25,10798.75,10807.0,10798.75,10805.25
2023-01-06 05:12:00,415,122,10805.0,10812.25,10804.5,10811.0
2023-01-06 05:14:00,367,-64,10810.5,10813.25,10808.25,10809.0
2023-01-06 05:16:00,565,407,10808.75,10826.0,10808.5,10821.75
2023-01-06 05:18:00,230,-33,10821.25,10821.25,10814.75,10817.75
2023-01-06 05:20:00,168,-5,10818.0,10819.25,10812.0,10814.25
2023-01-06 05:22:00,169,1,10814.25,10818.5,10813.5,10816.0
2023-01-06 05:24:00,162,-27,10816.25,10816.25,10810.75,10811.25
2023-01-06 05:26:00,145,-33,10811.5,10814.0,10808.5,10812.75
2023-01-06 05:28:00,290,-83,10812.75,10813.5,10805.5,10805.75
2023-01-06 05:30:00,716,-378,10806.25,10811.5,10801.5,10808.25
2023-01-06 05:32:00,78,26,10808.0,10811.5,10808.0,10810.0
2023-01-06 05:34:00,86,-21,10809.25,10809.25,10806.0,10807.5
2023-01-06 05:36:00,141,14,10807.5,10814.0,10807.5,10813.25
2023-01-06 05:38:00,90,11,10814.0,10815.25,10811.5,10815.0
2023-01-06 05:40:00,108,10,10814.5,10818.0,10813.75,10817.25
2023-01-06 05:42:00,294,-59,10817.75,10822.25,10817.0,10818.25
2023-01-06 05:44:00,112,-19,10817.5,10817.5,10813.25,10813.25
2023-01-06 05:46:00,190,-55,10813.0,10813.25,10807.75,10808.75
2023-01-06 05:48:00,148,-22,10808.5,10813.5,10808.0,10811.75
2023-01-06 05:50:00,213,-57,10812.5,10814.0,10805.25,10808.25
2023-01-06 05:52:00,584,-206,10809.0,10809.5,10798.0,10798.5
2023-01-06 05:54:00,445,13,10798.75,10802.5,10798.25,10798.75
2023-01-06 05:56:00,177,-35,10798.5,10800.0,10797.5,10799.25
2023-01-06 05:58:00,405,-103,10799.0,10799.0,10789.75,10791.0
2023-01-06 06:00:00,302,-8,10790.5,10793.25,10788.75,10792.75
2023-01-06 06:02:00,323,33,10792.75,10798.75,10788.5,10798.25
2023-01-06 06:04:00,463,192,10798.0,10804.25,10796.5,10798.5
2023-01-06 06:06:00,145,-6,10798.25,10801.0,10795.25,10799.5
2023-01-06 06:08:00,255,39,10798.5,10805.25,10798.0,10802.75
2023-01-06 06:10:00,325,21,10802.5,10809.25,10802.5,10804.5
2023-01-06 06:12:00,137,-24,10804.25,10805.0,10801.0,10801.25
2023-01-06 06:14:00,153,0,10800.75,10804.25,10800.0,10804.0
2023-01-06 06:16:00,102,-22,10803.75,10803.75,10800.75,10802.75
2023-01-06 06:18:00,153,18,10802.5,10808.25,10802.5,10805.75
2023-01-06 06:20:00,306,3,10805.5,10811.25,10805.5,10810.5
2023-01-06 06:22:00,330,10,10810.5,10813.0,10806.75,10806.75
2023-01-06 06:24:00,174,-3,10806.75,10812.0,10806.5,10806.5
2023-01-06 06:26:00,355,-152,10806.5,10807.5,10800.0,10802.25
2023-01-06 06:28:00,196,-39,10802.0,10804.25,10799.5,10802.5
2023-01-06 06:30:00,208,-14,10803.25,10808.5,10802.5,10804.0
2023-01-06 06:32:00,229,-94,10804.0,10804.25,10798.5,10801.0
2023-01-06 06:34:00,192,-62,10801.0,10804.25,10799.25,10801.0
2023-01-06 06:36:00,351,-36,10801.75,10802.5,10794.0,10796.0
2023-01-06 06:38:00,619,-4,10796.25,10796.75,10786.5,10791.5
2023-01-06 06:40:00,197,-41,10791.5,10793.0,10787.25,10787.25
2023-01-06 06:42:00,315,105,10787.5,10787.75,10782.75,10787.5
2023-01-06 06:44:00,284,-6,10787.5,10795.25,10787.5,10793.75
2023-01-06 06:46:00,313,-42,10793.25,10794.25,10785.75,10791.5
2023-01-06 06:48:00,110,35,10792.0,10793.5,10789.5,10793.5
2023-01-06 06:50:00,167,14,10793.25,10797.25,10792.75,10796.25
2023-01-06 06:52:00,109,-25,10796.0,10796.75,10791.75,10792.5
2023-01-06 06:54:00,202,12,10793.25,10799.0,10793.25,10795.25
2023-01-06 06:56:00,158,-16,10795.5,10796.5,10790.5,10796.25
2023-01-06 06:58:00,114,-9,10795.25,10797.25,10792.5,10792.5
2023-01-06 07:00:00,364,-38,10792.75,10796.0,10787.5,10788.25
2023-01-06 07:02:00,219,2,10788.25,10793.0,10787.75,10790.0
2023-01-06 07:04:00,340,-96,10790.25,10791.25,10784.0,10785.25
2023-01-06 07:06:00,194,1,10785.5,10788.0,10783.5,10787.25
2023-01-06 07:08:00,173,-12,10787.0,10789.5,10785.75,10786.75
2023-01-06 07:10:00,204,-12,10786.75,10788.0,10783.0,10784.75
2023-01-06 07:12:00,232,-38,10785.0,10785.5,10780.25,10781.75
2023-01-06 07:14:00,269,5,10782.5,10788.75,10782.0,10787.25
2023-01-06 07:16:00,226,-36,10787.5,10787.5,10781.0,10783.0
2023-01-06 07:18:00,474,-8,10782.0,10787.25,10778.5,10786.75
2023-01-06 07:20:00,230,22,10786.25,10789.75,10784.75,10788.0
2023-01-06 07:22:00,169,52,10788.5,10791.5,10787.5,10790.5
2023-01-06 07:24:00,383,47,10790.75,10797.0,10788.25,10796.75
2023-01-06 07:26:00,275,10,10796.75,10798.25,10795.0,10795.5
2023-01-06 07:28:00,228,-37,10796.0,10796.5,10790.25,10794.0
2023-01-06 07:30:00,253,113,10793.75,10801.25,10793.75,10799.75
2023-01-06 07:32:00,263,-34,10800.5,10802.5,10795.25,10796.0
2023-01-06 07:34:00,148,30,10795.5,10799.5,10795.25,10799.25
2023-01-06 07:36:00,198,-8,10799.0,10799.5,10795.0,10796.0
2023-01-06 07:38:00,329,-98,10795.5,10796.0,10789.25,10793.25
2023-01-06 07:40:00,171,60,10792.5,10797.75,10792.5,10797.0
2023-01-06 07:42:00,203,-41,10797.5,10798.0,10792.0,10793.75
2023-01-06 07:44:00,419,-167,10794.0,10794.0,10785.75,10787.0
2023-01-06 07:46:00,721,91,10787.0,10794.75,10786.5,10790.5
2023-01-06 07:48:00,218,19,10790.5,10796.75,10790.5,10792.5
2023-01-06 07:50:00,304,19,10792.25,10799.75,10791.75,10793.75
2023-01-06 07:52:00,138,6,10793.5,10798.0,10792.75,10797.25
2023-01-06 07:54:00,662,108,10797.5,10807.0,10797.5,10805.75
2023-01-06 07:56:00,672,-105,10806.5,10807.25,10796.75,10801.75
2023-01-06 07:58:00,307,-103,10802.0,10802.5,10793.0,10795.25
2023-01-06 08:00:00,885,-116,10795.75,10796.75,10788.5,10790.75
2023-01-06 08:02:00,527,-159,10790.5,10790.75,10782.75,10785.0
2023-01-06 08:04:00,638,-209,10785.0,10786.25,10780.0,10782.0
2023-01-06 08:06:00,497,20,10781.75,10790.25,10781.75,10784.75
2023-01-06 08:08:00,523,2,10784.5,10790.25,10779.75,10790.25
2023-01-06 08:10:00,421,-39,10790.0,10794.25,10788.5,10790.5
2023-01-06 08:12:00,399,-8,10791.0,10793.75,10787.75,10789.0
2023-01-06 08:14:00,386,-79,10788.5,10788.75,10781.75,10782.5
2023-01-06 08:16:00,1034,-303,10781.5,10783.5,10770.0,10773.75
2023-01-06 08:18:00,1548,-590,10773.75,10774.5,10754.0,10755.25
2023-01-06 08:20:00,1086,91,10755.5,10760.75,10751.0,10756.25
2023-01-06 08:22:00,858,241,10755.5,10769.25,10751.0,10765.75
2023-01-06 08:24:00,628,72,10765.75,10771.0,10761.5,10768.0
2023-01-06 08:26:00,848,60,10767.75,10780.75,10766.25,10769.75
2023-01-06 08:28:00,684,-38,10769.25,10778.75,10760.75,10766.5
2023-01-06 08:30:00,10211,827,10763.75,10949.0,10761.5,10834.25
2023-01-06 08:32:00,4495,-59,10832.5,10875.25,10813.5,10841.0
2023-01-06 08:34:00,2931,-92,10842.0,10866.75,10826.25,10857.5
2023-01-06 08:36:00,2704,-335,10857.25,10858.75,10817.75,10841.75
2023-01-06 08:38:00,2990,470,10841.5,10864.75,10832.0,10839.25
2023-01-06 08:40:00,2868,-174,10839.5,10862.25,10835.75,10845.0
2023-01-06 08:42:00,4066,616,10845.75,10881.0,10841.5,10878.0
2023-01-06 08:44:00,6116,1501,10879.0,10928.0,10866.5,10919.0
2023-01-06 08:46:00,4058,-61,10918.75,10928.5,10901.25,10920.0
2023-01-06 08:48:00,2625,-233,10920.5,10926.25,10907.25,10912.25
2023-01-06 08:50:00,3028,746,10911.25,10945.5,10910.75,10941.0
2023-01-06 08:52:00,4190,274,10941.25,10969.5,10939.75,10948.25
2023-01-06 08:54:00,2391,-13,10947.5,10962.5,10931.0,10933.5
2023-01-06 08:56:00,1881,-26,10933.5,10943.75,10921.75,10932.5
2023-01-06 08:58:00,1941,30,10932.5,10954.75,10931.5,10943.5
2023-01-06 09:00:00,2158,-81,10942.75,10948.25,10923.0,10931.0
2023-01-06 09:02:00,1667,161,10931.0,10950.75,10928.5,10936.5
2023-01-06 09:04:00,1200,-224,10936.75,10942.0,10925.25,10927.25
2023-01-06 09:06:00,2538,-493,10928.0,10931.0,10904.0,10905.75
2023-01-06 09:08:00,2557,-247,10905.75,10908.0,10889.0,10899.75
2023-01-06 09:10:00,2016,176,10899.0,10907.0,10895.25,10896.25
2023-01-06 09:12:00,1833,-280,10896.0,10906.0,10886.25,10902.75
2023-01-06 09:14:00,1478,271,10903.0,10908.5,10897.75,10908.0
2023-01-06 09:16:00,1593,2,10907.75,10909.25,10892.75,10892.75
2023-01-06 09:18:00,1467,-205,10893.0,10896.0,10883.25,10886.5
2023-01-06 09:20:00,1968,-116,10886.25,10886.25,10873.5,10874.75
2023-01-06 09:22:00,1477,-3,10875.0,10881.75,10869.25,10878.25
2023-01-06 09:24:00,1127,331,10878.75,10887.25,10878.75,10886.25
2023-01-06 09:26:00,1639,194,10885.75,10899.75,10884.75,10893.0
2023-01-06 09:28:00,1631,168,10893.25,10893.25,10883.5,10891.0
2023-01-06 09:30:00,10448,-155,10891.0,10903.25,10853.25,10874.25
2023-01-06 09:32:00,8016,970,10874.5,10922.75,10868.5,10920.75
2023-01-06 09:34:00,8206,138,10920.5,10945.0,10917.0,10933.5
2023-01-06 09:36:00,10205,-659,10933.5,10937.25,10857.5,10862.25
2023-01-06 09:38:00,10677,-534,10862.75,10866.0,10813.75,10826.0
2023-01-06 09:40:00,7592,-142,10826.75,10844.5,10821.25,10830.25
2023-01-06 09:42:00,9197,-952,10830.5,10836.0,10795.5,10796.0
2023-01-06 09:44:00,8529,-501,10795.75,10796.0,10773.0,10778.0
2023-01-06 09:46:00,7715,494,10778.5,10806.0,10766.25,10795.5
2023-01-06 09:48:00,3801,194,10795.25,10802.0,10787.75,10796.5
2023-01-06 09:50:00,5222,464,10796.75,10825.25,10787.5,10812.0
2023-01-06 09:52:00,3848,-50,10812.25,10827.75,10800.75,10819.5
2023-01-06 09:54:00,5116,637,10819.5,10850.5,10814.0,10845.75
2023-01-06 09:56:00,3809,-453,10846.0,10855.5,10814.75,10817.75
2023-01-06 09:58:00,2770,-114,10817.25,10826.0,10811.75,10814.5
2023-01-06 10:00:00,9529,515,10815.0,10885.0,10815.0,10849.25
2023-01-06 10:02:00,8998,315,10851.0,10894.75,10844.25,10846.75
2023-01-06 10:04:00,4726,-286,10847.5,10868.0,10833.25,10857.75
2023-01-06 10:06:00,3902,235,10856.5,10878.75,10848.0,10876.25
2023-01-06 10:08:00,6790,492,10875.5,10911.25,10874.0,10890.5
2023-01-06 10:10:00,4454,180,10890.5,10910.75,10885.25,10895.75
2023-01-06 10:12:00,4592,188,10895.75,10920.25,10880.25,10909.25
2023-01-06 10:14:00,4837,159,10909.75,10923.0,10889.25,10908.25
2023-01-06 10:16:00,5449,482,10908.75,10942.75,10897.25,10930.75
2023-01-06 10:18:00,3287,-247,10930.25,10937.75,10916.75,10933.0
2023-01-06 10:20:00,4749,-336,10932.75,10938.0,10909.0,10910.75
2023-01-06 10:22:00,4238,-783,10910.25,10920.0,10893.0,10898.75
2023-01-06 10:24:00,3614,399,10898.25,10919.75,10897.25,10909.75
2023-01-06 10:26:00,3668,-729,10909.5,10909.5,10883.0,10889.25
2023-01-06 10:28:00,3164,-426,10890.0,10896.0,10879.0,10891.75
2023-01-06 10:30:00,4164,988,10892.25,10921.25,10887.75,10913.0
2023-01-06 10:32:00,2282,56,10912.75,10924.75,10909.25,10923.75
2023-01-06 10:34:00,2469,191,10923.5,10932.0,10918.0,10931.0
2023-01-06 10:36:00,6701,1238,10931.0,10959.0,10931.0,10957.25
2023-01-06 10:38:00,3100,-195,10957.5,10959.25,10947.75,10954.5
2023-01-06 10:40:00,3740,349,10954.75,10966.5,10954.0,10965.25
2023-01-06 10:42:00,3705,-13,10965.5,10971.25,10952.5,10954.0
2023-01-06 10:44:00,4456,-491,10954.0,10955.5,10938.0,10942.25
2023-01-06 10:46:00,3122,364,10942.5,10953.5,10937.75,10948.25
2023-01-06 10:48:00,4047,616,10948.0,10978.0,10944.0,10975.5
2023-01-06 10:50:00,3477,168,10975.5,10982.0,10965.25,10973.5
2023-01-06 10:52:00,3061,130,10973.5,10981.25,10970.75,10979.5
2023-01-06 10:54:00,4395,263,10979.5,10985.75,10966.75,10976.5
2023-01-06 10:56:00,4058,36,10976.0,10988.0,10968.25,10981.5
2023-01-06 10:58:00,5498,753,10981.25,10999.5,10980.5,10986.25
2023-01-06 11:00:00,3588,159,10986.5,10995.25,10979.5,10992.0
2023-01-06 11:02:00,4797,499,10991.5,11006.5,10989.25,10995.0
2023-01-06 11:04:00,3355,50,10995.25,11009.75,10993.25,11001.75
2023-01-06 11:06:00,5213,118,11001.5,11022.25,11000.25,11005.75
2023-01-06 11:08:00,3324,-60,11005.5,11010.5,10995.5,11009.75
2023-01-06 11:10:00,2363,-178,11009.5,11011.5,10996.5,11000.25
2023-01-06 11:12:00,3049,-756,11000.5,11002.5,10983.75,10987.75
2023-01-06 11:14:00,3656,46,10987.25,10992.25,10979.0,10991.25
2023-01-06 11:16:00,2908,-691,10991.0,10991.5,10970.75,10973.25
2023-01-06 11:18:00,2276,132,10973.5,10981.5,10969.75,10978.5
2023-01-06 11:20:00,2546,159,10978.75,10994.25,10976.5,10993.75
2023-01-06 11:22:00,2301,-58,10993.5,10998.75,10989.5,10994.0
2023-01-06 11:24:00,2040,36,10994.25,11005.25,10992.0,10996.25
2023-01-06 11:26:00,2484,-533,10996.0,11000.25,10978.25,10981.5
2023-01-06 11:28:00,2321,1,10982.25,10994.5,10979.75,10986.25
2023-01-06 11:30:00,2572,-77,10986.5,10992.25,10972.5,10975.0
2023-01-06 11:32:00,3164,61,10975.25,10995.75,10970.75,10992.75
2023-01-06 11:34:00,3111,806,10992.25,11008.5,10991.75,11003.5
2023-01-06 11:36:00,2163,-248,11003.75,11006.0,10991.25,10994.5
2023-01-06 11:38:00,1510,-75,10994.25,11004.5,10992.25,11003.5
2023-01-06 11:40:00,1600,-147,11003.5,11006.5,10995.25,10997.0
2023-01-06 11:42:00,1988,-387,10997.25,11001.0,10988.5,10989.25
2023-01-06 11:44:00,1129,-57,10989.5,10997.75,10989.5,10994.25
2023-01-06 11:46:00,2833,513,10994.75,11000.5,10986.25,10999.75
2023-01-06 11:48:00,3186,752,10999.25,11010.0,10997.5,11005.75
2023-01-06 11:50:00,4913,954,11006.25,11037.25,11005.75,11035.5
2023-01-06 11:52:00,3194,51,11035.5,11043.5,11033.0,11042.25
2023-01-06 11:54:00,2439,-485,11042.25,11042.5,11031.25,11032.5
2023-01-06 11:56:00,1481,-136,11033.0,11038.5,11031.75,11033.75
2023-01-06 11:58:00,2117,-249,11033.25,11036.25,11021.25,11023.75
2023-01-06 12:00:00,1978,267,11024.0,11034.75,11023.5,11030.25
2023-01-06 12:02:00,1075,95,11030.5,11034.0,11026.5,11032.5
2023-01-06 12:04:00,1110,51,11032.75,11033.75,11026.5,11029.25
2023-01-06 12:06:00,1457,54,11029.75,11038.0,11025.5,11031.0
2023-01-06 12:08:00,1435,3,11031.25,11034.0,11026.25,11029.5
2023-01-06 12:10:00,1848,-92,11029.25,11039.25,11028.25,11029.75
2023-01-06 12:12:00,1680,-137,11030.25,11031.5,11024.0,11029.0
2023-01-06 12:14:00,2029,-141,11028.75,11032.5,11023.0,11028.25
2023-01-06 12:16:00,2070,-145,11028.5,11029.0,11016.75,11026.75
2023-01-06 12:18:00,1547,89,11026.75,11035.0,11026.25,11032.0
2023-01-06 12:20:00,1275,22,11032.0,11034.25,11028.25,11033.5
2023-01-06 12:22:00,1679,-224,11033.25,11034.75,11018.75,11019.75
2023-01-06 12:24:00,3141,-131,11020.0,11022.0,11007.75,11019.0
2023-01-06 12:26:00,2241,206,11019.0,11025.25,11013.75,11018.25
2023-01-06 12:28:00,1842,639,11017.75,11025.75,11016.75,11020.75
2023-01-06 12:30:00,1675,63,11021.25,11029.5,11019.75,11029.0
2023-01-06 12:32:00,1713,-338,11029.0,11029.5,11013.5,11020.5
2023-01-06 12:34:00,841,-110,11020.0,11020.0,11013.5,11016.5
2023-01-06 12:36:00,673,-61,11016.5,11018.0,11012.5,11012.75
2023-01-06 12:38:00,1808,35,11012.75,11020.5,11005.25,11019.5
2023-01-06 12:40:00,1511,-179,11019.5,11021.5,11005.25,11009.75
2023-01-06 12:42:00,989,-60,11009.75,11013.75,11004.75,11007.0
2023-01-06 12:44:00,1114,192,11007.5,11022.75,11005.5,11021.25
2023-01-06 12:46:00,861,-11,11021.75,11023.0,11016.25,11020.0
2023-01-06 12:48:00,836,-17,11020.0,11023.0,11015.5,11018.25
2023-01-06 12:50:00,786,-41,11017.75,11020.25,11009.5,11010.0
2023-01-06 12:52:00,1183,-25,11009.25,11014.5,11005.0,11014.0
2023-01-06 12:54:00,979,-72,11014.0,11015.75,11005.5,11010.0
2023-01-06 12:56:00,1720,-141,11010.0,11011.25,10997.5,11010.5
2023-01-06 12:58:00,1013,69,11010.0,11015.25,11005.25,11013.0
2023-01-06 13:00:00,1210,174,11013.0,11020.0,11012.5,11013.0
2023-01-06 13:02:00,1473,67,11013.5,11019.75,11008.25,11016.5
2023-01-06 13:04:00,1373,27,11016.5,11024.75,11014.0,11023.75
2023-01-06 13:06:00,2344,336,11023.75,11035.25,11023.25,11030.25
2023-01-06 13:08:00,1233,-25,11030.25,11032.5,11022.75,11027.5
2023-01-06 13:10:00,940,-61,11027.25,11030.5,11021.75,11023.25
2023-01-06 13:12:00,1668,309,11023.0,11038.25,11023.0,11035.0
2023-01-06 13:14:00,1448,-184,11035.0,11035.25,11029.5,11031.5
2023-01-06 13:16:00,1623,-279,11031.5,11035.25,11021.75,11027.25
2023-01-06 13:18:00,810,-70,11027.25,11032.0,11025.0,11027.25
2023-01-06 13:20:00,971,111,11027.5,11032.5,11025.5,11032.25
2023-01-06 13:22:00,838,-2,11032.0,11035.5,11026.0,11030.25
2023-01-06 13:24:00,1007,45,11029.5,11037.5,11029.5,11036.75
2023-01-06 13:26:00,1579,368,11037.0,11046.5,11035.75,11043.25
2023-01-06 13:28:00,1136,35,11043.5,11045.0,11038.0,11042.5
2023-01-06 13:30:00,1522,187,11042.5,11049.0,11042.0,11045.25
2023-01-06 13:32:00,1897,442,11045.5,11058.5,11044.75,11055.0
2023-01-06 13:34:00,1606,-39,11054.75,11057.75,11050.0,11052.0
2023-01-06 13:36:00,1817,459,11051.75,11060.25,11049.75,11058.5
2023-01-06 13:38:00,1860,310,11058.0,11062.75,11055.75,11060.5
2023-01-06 13:40:00,3243,870,11060.25,11076.25,11059.25,11067.5
2023-01-06 13:42:00,2040,-203,11067.25,11073.25,11061.0,11062.0
2023-01-06 13:44:00,1564,-72,11062.0,11065.75,11059.0,11063.5
2023-01-06 13:46:00,1285,-53,11063.5,11067.25,11058.5,11067.0
2023-01-06 13:48:00,1280,-71,11067.0,11068.5,11062.5,11065.25
2023-01-06 13:50:00,1082,-37,11065.5,11066.0,11057.5,11058.5
2023-01-06 13:52:00,779,-14,11058.5,11064.75,11058.25,11062.75
2023-01-06 13:54:00,1218,-66,11062.75,11068.0,11060.5,11066.75
2023-01-06 13:56:00,1376,171,11066.5,11072.75,11066.5,11071.25
2023-01-06 13:58:00,2140,580,11071.25,11076.25,11065.5,11072.5
2023-01-06 14:00:00,3564,224,11072.75,11083.25,11071.5,11077.5
2023-01-06 14:02:00,1466,-123,11077.0,11078.25,11070.75,11077.75
2023-01-06 14:04:00,1544,87,11077.25,11081.25,11075.5,11079.5
2023-01-06 14:06:00,1054,-163,11079.0,11081.25,11075.5,11076.5
2023-01-06 14:08:00,1616,20,11076.5,11084.0,11070.0,11083.5
2023-01-06 14:10:00,2458,232,11083.25,11095.25,11081.5,11093.5
2023-01-06 14:12:00,4102,367,11093.75,11108.5,11093.0,11103.0
2023-01-06 14:14:00,1659,-16,11103.0,11106.5,11099.0,11104.25
2023-01-06 14:16:00,1374,-6,11104.25,11105.75,11099.5,11103.25
2023-01-06 14:18:00,1685,74,11103.75,11111.75,11102.5,11107.5
2023-01-06 14:20:00,3701,159,11107.5,11125.25,11106.75,11123.0
2023-01-06 14:22:00,2505,-10,11123.0,11124.5,11118.25,11120.75
2023-01-06 14:24:00,1588,-194,11120.25,11124.5,11118.25,11121.25
2023-01-06 14:26:00,2004,-334,11121.25,11122.5,11107.5,11109.5
2023-01-06 14:28:00,1735,-163,11109.75,11113.75,11103.25,11107.5
2023-01-06 14:30:00,1365,-71,11107.5,11111.25,11105.25,11108.75
2023-01-06 14:32:00,1350,63,11108.5,11115.25,11106.5,11114.25
2023-01-06 14:34:00,1231,-98,11114.5,11115.0,11104.75,11108.5
2023-01-06 14:36:00,944,82,11109.0,11115.0,11107.5,11113.75
2023-01-06 14:38:00,2038,213,11113.5,11126.25,11113.0,11120.75
2023-01-06 14:40:00,1361,-126,11120.75,11122.0,11111.0,11119.75
2023-01-06 14:42:00,906,67,11120.25,11123.5,11116.25,11122.0
2023-01-06 14:44:00,1487,27,11122.25,11126.0,11117.0,11118.0
2023-01-06 14:46:00,1845,-139,11118.0,11123.25,11110.5,11118.0
2023-01-06 14:48:00,1120,65,11118.0,11125.75,11116.25,11125.0
2023-01-06 14:50:00,2230,370,11125.0,11137.25,11121.25,11135.75
2023-01-06 14:52:00,2365,-3,11136.0,11142.0,11133.0,11141.5
2023-01-06 14:54:00,2589,67,11141.25,11149.25,11141.0,11146.75
2023-01-06 14:56:00,1916,-58,11146.75,11146.75,11138.25,11139.0
2023-01-06 14:58:00,1460,35,11139.0,11143.75,11138.25,11138.5
2023-01-06 15:00:00,2886,163,11138.75,11150.5,11138.25,11148.75
2023-01-06 15:02:00,2539,225,11149.0,11161.0,11146.0,11157.25
2023-01-06 15:04:00,2674,1,11157.75,11165.75,11153.25,11161.5
2023-01-06 15:06:00,1853,-55,11161.0,11163.0,11154.25,11157.75
2023-01-06 15:08:00,1335,-45,11158.0,11163.0,11156.5,11160.75
2023-01-06 15:10:00,1738,-429,11160.5,11162.0,11147.25,11148.25
2023-01-06 15:12:00,2113,86,11148.5,11154.75,11143.25,11152.75
2023-01-06 15:14:00,1907,290,11152.5,11163.75,11148.5,11163.0
2023-01-06 15:16:00,1309,-171,11163.25,11163.75,11153.5,11157.0
2023-01-06 15:18:00,1613,48,11156.5,11156.5,11144.5,11149.5
2023-01-06 15:20:00,2490,-335,11149.5,11150.0,11132.25,11136.5
2023-01-06 15:22:00,2115,207,11136.25,11144.75,11133.5,11141.25
2023-01-06 15:24:00,1378,50,11140.5,11144.0,11136.25,11137.0
2023-01-06 15:26:00,1835,-75,11136.5,11138.0,11129.5,11132.25
2023-01-06 15:28:00,1414,199,11132.5,11139.0,11130.25,11133.25
2023-01-06 15:30:00,2331,286,11133.0,11151.25,11133.0,11149.25
2023-01-06 15:32:00,2309,-58,11149.25,11153.5,11141.0,11145.0
2023-01-06 15:34:00,1768,215,11145.0,11151.25,11142.5,11149.25
2023-01-06 15:36:00,1818,-82,11149.5,11149.75,11139.0,11143.0
2023-01-06 15:38:00,1468,45,11143.0,11145.0,11135.5,11144.25
2023-01-06 15:40:00,1544,44,11144.0,11149.75,11141.5,11149.0
2023-01-06 15:42:00,1585,-10,11149.0,11151.25,11143.0,11143.75
2023-01-06 15:44:00,1486,-70,11144.0,11151.25,11142.0,11150.5
2023-01-06 15:46:00,1798,-201,11150.75,11151.75,11141.25,11144.5
2023-01-06 15:48:00,2114,-225,11144.5,11144.5,11130.75,11131.25
2023-01-06 15:50:00,4809,-266,11131.75,11133.75,11112.25,11118.75
2023-01-06 15:52:00,2790,248,11118.5,11125.25,11116.0,11120.0
2023-01-06 15:54:00,6277,-498,11119.25,11128.75,11107.25,11114.5
2023-01-06 15:56:00,4234,-68,11114.75,11117.25,11106.5,11111.0
2023-01-06 15:58:00,13560,-101,11110.75,11119.75,11107.25,11114.75
2023-01-06 16:00:00,5997,379,11114.5,11120.0,11105.0,11112.75
2023-01-06 16:02:00,1240,-63,11113.25,11115.5,11105.0,11106.0
2023-01-06 16:04:00,2142,35,11106.0,11106.25,11093.75,11100.75
2023-01-06 16:06:00,1333,123,11101.0,11108.5,11100.5,11104.75
2023-01-06 16:08:00,677,117,11105.0,11107.25,11103.0,11106.75
2023-01-06 16:10:00,703,-68,11106.5,11107.5,11101.25,11101.25
2023-01-06 16:12:00,834,201,11101.5,11107.25,11101.5,11103.5
2023-01-06 16:14:00,428,-33,11102.75,11105.25,11101.25,11104.0
2023-01-06 16:16:00,378,84,11104.0,11109.25,11104.0,11106.25
2023-01-06 16:18:00,163,15,11106.25,11107.25,11102.75,11104.25
2023-01-06 16:20:00,126,-7,11104.5,11105.5,11103.75,11104.25
2023-01-06 16:22:00,122,36,11104.25,11106.5,11103.5,11106.0
2023-01-06 16:24:00,171,-38,11105.25,11107.0,11102.0,11103.0
2023-01-06 16:26:00,64,-3,11102.75,11105.5,11102.75,11104.5
2023-01-06 16:28:00,113,-17,11104.5,11105.5,11103.0,11104.0
2023-01-06 16:30:00,121,17,11104.75,11105.25,11102.5,11104.75
2023-01-06 16:32:00,160,27,11104.5,11105.0,11101.0,11103.75
2023-01-06 16:34:00,113,17,11104.25,11105.75,11104.0,11104.75
2023-01-06 16:36:00,143,-47,11104.5,11105.25,11103.75,11105.0
2023-01-06 16:38:00,222,114,11104.75,11108.75,11104.25,11105.0
2023-01-06 16:40:00,225,77,11104.5,11110.0,11103.25,11108.5
2023-01-06 16:42:00,138,18,11109.25,11109.75,11107.25,11109.5
2023-01-06 16:44:00,196,-86,11109.25,11109.75,11106.5,11107.25
2023-01-06 16:46:00,137,-68,11107.25,11107.25,11103.75,11104.75
2023-01-06 16:48:00,87,-12,11105.25,11107.0,11104.5,11105.75
2023-01-06 16:50:00,223,68,11106.5,11109.5,11104.5,11108.25
2023-01-06 16:52:00,115,2,11107.75,11108.5,11105.25,11107.75
2023-01-06 16:54:00,135,30,11107.75,11107.75,11104.25,11106.75
2023-01-06 16:56:00,152,21,11107.0,11109.25,11104.75,11109.25
2023-01-06 16:58:00,313,38,11108.75,11110.0,11104.75,11108.75
2023-01-06 22:52:00,1,0,11108.75,11108.75,11108.75,11108.75
